"","oro_type","year","y","component","variable_name"
"1","CCS",1970,1,"Academic
(N publications)","Publications (N)"
"2","CCS",1974,1,"Academic
(N publications)","Publications (N)"
"3","CCS",1977,1,"Academic
(N publications)","Publications (N)"
"4","CCS",1979,1,"Academic
(N publications)","Publications (N)"
"5","CCS",1980,1,"Academic
(N publications)","Publications (N)"
"6","CCS",1981,2,"Academic
(N publications)","Publications (N)"
"7","CCS",1982,1,"Academic
(N publications)","Publications (N)"
"8","CCS",1983,1,"Academic
(N publications)","Publications (N)"
"9","CCS",1984,4,"Academic
(N publications)","Publications (N)"
"10","CCS",1985,1,"Academic
(N publications)","Publications (N)"
"11","CCS",1987,2,"Academic
(N publications)","Publications (N)"
"12","CCS",1989,2,"Academic
(N publications)","Publications (N)"
"13","CCS",1990,1,"Academic
(N publications)","Publications (N)"
"14","CCS",1991,9,"Academic
(N publications)","Publications (N)"
"15","CCS",1992,11,"Academic
(N publications)","Publications (N)"
"16","CCS",1993,12,"Academic
(N publications)","Publications (N)"
"17","CCS",1994,13,"Academic
(N publications)","Publications (N)"
"18","CCS",1995,15,"Academic
(N publications)","Publications (N)"
"19","CCS",1996,16,"Academic
(N publications)","Publications (N)"
"20","CCS",1997,29,"Academic
(N publications)","Publications (N)"
"21","CCS",1998,10,"Academic
(N publications)","Publications (N)"
"22","CCS",1999,21,"Academic
(N publications)","Publications (N)"
"23","CCS",2000,15,"Academic
(N publications)","Publications (N)"
"24","CCS",2001,26,"Academic
(N publications)","Publications (N)"
"25","CCS",2002,4,"Academic
(N publications)","Publications (N)"
"26","CCS",2003,42,"Academic
(N publications)","Publications (N)"
"27","CCS",2004,40,"Academic
(N publications)","Publications (N)"
"28","CCS",2005,71,"Academic
(N publications)","Publications (N)"
"29","CCS",2006,57,"Academic
(N publications)","Publications (N)"
"30","CCS",2007,54,"Academic
(N publications)","Publications (N)"
"31","CCS",2008,76,"Academic
(N publications)","Publications (N)"
"32","CCS",2009,139,"Academic
(N publications)","Publications (N)"
"33","CCS",2010,95,"Academic
(N publications)","Publications (N)"
"34","CCS",2011,157,"Academic
(N publications)","Publications (N)"
"35","CCS",2012,117,"Academic
(N publications)","Publications (N)"
"36","CCS",2013,179,"Academic
(N publications)","Publications (N)"
"37","CCS",2014,214,"Academic
(N publications)","Publications (N)"
"38","CCS",2015,133,"Academic
(N publications)","Publications (N)"
"39","CCS",2016,125,"Academic
(N publications)","Publications (N)"
"40","CCS",2017,173,"Academic
(N publications)","Publications (N)"
"41","CCS",2018,149,"Academic
(N publications)","Publications (N)"
"42","CCS",2019,162,"Academic
(N publications)","Publications (N)"
"43","CCS",2020,196,"Academic
(N publications)","Publications (N)"
"44","CCS",2021,202,"Academic
(N publications)","Publications (N)"
"45","CCS",2022,163,"Academic
(N publications)","Publications (N)"
"46","CCS",2023,14,"Academic
(N publications)","Publications (N)"
"47","Efficiency",1961,1,"Academic
(N publications)","Publications (N)"
"48","Efficiency",1967,1,"Academic
(N publications)","Publications (N)"
"49","Efficiency",1970,2,"Academic
(N publications)","Publications (N)"
"50","Efficiency",1972,1,"Academic
(N publications)","Publications (N)"
"51","Efficiency",1973,2,"Academic
(N publications)","Publications (N)"
"52","Efficiency",1975,3,"Academic
(N publications)","Publications (N)"
"53","Efficiency",1979,7,"Academic
(N publications)","Publications (N)"
"54","Efficiency",1980,3,"Academic
(N publications)","Publications (N)"
"55","Efficiency",1981,2,"Academic
(N publications)","Publications (N)"
"56","Efficiency",1982,1,"Academic
(N publications)","Publications (N)"
"57","Efficiency",1983,1,"Academic
(N publications)","Publications (N)"
"58","Efficiency",1985,1,"Academic
(N publications)","Publications (N)"
"59","Efficiency",1986,2,"Academic
(N publications)","Publications (N)"
"60","Efficiency",1987,1,"Academic
(N publications)","Publications (N)"
"61","Efficiency",1988,3,"Academic
(N publications)","Publications (N)"
"62","Efficiency",1989,6,"Academic
(N publications)","Publications (N)"
"63","Efficiency",1990,3,"Academic
(N publications)","Publications (N)"
"64","Efficiency",1991,3,"Academic
(N publications)","Publications (N)"
"65","Efficiency",1992,3,"Academic
(N publications)","Publications (N)"
"66","Efficiency",1993,1,"Academic
(N publications)","Publications (N)"
"67","Efficiency",1994,2,"Academic
(N publications)","Publications (N)"
"68","Efficiency",1995,5,"Academic
(N publications)","Publications (N)"
"69","Efficiency",1996,5,"Academic
(N publications)","Publications (N)"
"70","Efficiency",1997,6,"Academic
(N publications)","Publications (N)"
"71","Efficiency",1998,4,"Academic
(N publications)","Publications (N)"
"72","Efficiency",1999,2,"Academic
(N publications)","Publications (N)"
"73","Efficiency",2000,6,"Academic
(N publications)","Publications (N)"
"74","Efficiency",2001,4,"Academic
(N publications)","Publications (N)"
"75","Efficiency",2002,3,"Academic
(N publications)","Publications (N)"
"76","Efficiency",2003,13,"Academic
(N publications)","Publications (N)"
"77","Efficiency",2004,17,"Academic
(N publications)","Publications (N)"
"78","Efficiency",2005,22,"Academic
(N publications)","Publications (N)"
"79","Efficiency",2006,29,"Academic
(N publications)","Publications (N)"
"80","Efficiency",2007,31,"Academic
(N publications)","Publications (N)"
"81","Efficiency",2008,36,"Academic
(N publications)","Publications (N)"
"82","Efficiency",2009,41,"Academic
(N publications)","Publications (N)"
"83","Efficiency",2010,57,"Academic
(N publications)","Publications (N)"
"84","Efficiency",2011,57,"Academic
(N publications)","Publications (N)"
"85","Efficiency",2012,85,"Academic
(N publications)","Publications (N)"
"86","Efficiency",2013,94,"Academic
(N publications)","Publications (N)"
"87","Efficiency",2014,97,"Academic
(N publications)","Publications (N)"
"88","Efficiency",2015,123,"Academic
(N publications)","Publications (N)"
"89","Efficiency",2016,116,"Academic
(N publications)","Publications (N)"
"90","Efficiency",2017,155,"Academic
(N publications)","Publications (N)"
"91","Efficiency",2018,174,"Academic
(N publications)","Publications (N)"
"92","Efficiency",2019,230,"Academic
(N publications)","Publications (N)"
"93","Efficiency",2020,277,"Academic
(N publications)","Publications (N)"
"94","Efficiency",2021,309,"Academic
(N publications)","Publications (N)"
"95","Efficiency",2022,390,"Academic
(N publications)","Publications (N)"
"96","Efficiency",2023,36,"Academic
(N publications)","Publications (N)"
"97","MRE-Located",1966,1,"Academic
(N publications)","Publications (N)"
"98","MRE-Located",1969,2,"Academic
(N publications)","Publications (N)"
"99","MRE-Located",1970,1,"Academic
(N publications)","Publications (N)"
"100","MRE-Located",1971,4,"Academic
(N publications)","Publications (N)"
"101","MRE-Located",1972,1,"Academic
(N publications)","Publications (N)"
"102","MRE-Located",1973,1,"Academic
(N publications)","Publications (N)"
"103","MRE-Located",1974,9,"Academic
(N publications)","Publications (N)"
"104","MRE-Located",1975,7,"Academic
(N publications)","Publications (N)"
"105","MRE-Located",1979,12,"Academic
(N publications)","Publications (N)"
"106","MRE-Located",1980,19,"Academic
(N publications)","Publications (N)"
"107","MRE-Located",1981,14,"Academic
(N publications)","Publications (N)"
"108","MRE-Located",1982,9,"Academic
(N publications)","Publications (N)"
"109","MRE-Located",1983,9,"Academic
(N publications)","Publications (N)"
"110","MRE-Located",1984,13,"Academic
(N publications)","Publications (N)"
"111","MRE-Located",1985,18,"Academic
(N publications)","Publications (N)"
"112","MRE-Located",1986,8,"Academic
(N publications)","Publications (N)"
"113","MRE-Located",1987,7,"Academic
(N publications)","Publications (N)"
"114","MRE-Located",1988,17,"Academic
(N publications)","Publications (N)"
"115","MRE-Located",1989,3,"Academic
(N publications)","Publications (N)"
"116","MRE-Located",1990,4,"Academic
(N publications)","Publications (N)"
"117","MRE-Located",1991,11,"Academic
(N publications)","Publications (N)"
"118","MRE-Located",1992,5,"Academic
(N publications)","Publications (N)"
"119","MRE-Located",1993,9,"Academic
(N publications)","Publications (N)"
"120","MRE-Located",1994,9,"Academic
(N publications)","Publications (N)"
"121","MRE-Located",1995,8,"Academic
(N publications)","Publications (N)"
"122","MRE-Located",1996,8,"Academic
(N publications)","Publications (N)"
"123","MRE-Located",1997,16,"Academic
(N publications)","Publications (N)"
"124","MRE-Located",1998,23,"Academic
(N publications)","Publications (N)"
"125","MRE-Located",1999,36,"Academic
(N publications)","Publications (N)"
"126","MRE-Located",2000,14,"Academic
(N publications)","Publications (N)"
"127","MRE-Located",2001,15,"Academic
(N publications)","Publications (N)"
"128","MRE-Located",2002,19,"Academic
(N publications)","Publications (N)"
"129","MRE-Located",2003,72,"Academic
(N publications)","Publications (N)"
"130","MRE-Located",2004,78,"Academic
(N publications)","Publications (N)"
"131","MRE-Located",2005,127,"Academic
(N publications)","Publications (N)"
"132","MRE-Located",2006,184,"Academic
(N publications)","Publications (N)"
"133","MRE-Located",2007,253,"Academic
(N publications)","Publications (N)"
"134","MRE-Located",2008,219,"Academic
(N publications)","Publications (N)"
"135","MRE-Located",2009,305,"Academic
(N publications)","Publications (N)"
"136","MRE-Located",2010,497,"Academic
(N publications)","Publications (N)"
"137","MRE-Located",2011,497,"Academic
(N publications)","Publications (N)"
"138","MRE-Located",2012,638,"Academic
(N publications)","Publications (N)"
"139","MRE-Located",2013,706,"Academic
(N publications)","Publications (N)"
"140","MRE-Located",2014,841,"Academic
(N publications)","Publications (N)"
"141","MRE-Located",2015,918,"Academic
(N publications)","Publications (N)"
"142","MRE-Located",2016,958,"Academic
(N publications)","Publications (N)"
"143","MRE-Located",2017,834,"Academic
(N publications)","Publications (N)"
"144","MRE-Located",2018,883,"Academic
(N publications)","Publications (N)"
"145","MRE-Located",2019,1186,"Academic
(N publications)","Publications (N)"
"146","MRE-Located",2020,1094,"Academic
(N publications)","Publications (N)"
"147","MRE-Located",2021,1251,"Academic
(N publications)","Publications (N)"
"148","MRE-Located",2022,1590,"Academic
(N publications)","Publications (N)"
"149","MRE-Located",2023,151,"Academic
(N publications)","Publications (N)"
"150","MRE-Ocean",1959,1,"Academic
(N publications)","Publications (N)"
"151","MRE-Ocean",1961,1,"Academic
(N publications)","Publications (N)"
"152","MRE-Ocean",1969,10,"Academic
(N publications)","Publications (N)"
"153","MRE-Ocean",1970,8,"Academic
(N publications)","Publications (N)"
"154","MRE-Ocean",1971,9,"Academic
(N publications)","Publications (N)"
"155","MRE-Ocean",1972,13,"Academic
(N publications)","Publications (N)"
"156","MRE-Ocean",1973,30,"Academic
(N publications)","Publications (N)"
"157","MRE-Ocean",1974,50,"Academic
(N publications)","Publications (N)"
"158","MRE-Ocean",1975,82,"Academic
(N publications)","Publications (N)"
"159","MRE-Ocean",1978,3,"Academic
(N publications)","Publications (N)"
"160","MRE-Ocean",1979,166,"Academic
(N publications)","Publications (N)"
"161","MRE-Ocean",1980,164,"Academic
(N publications)","Publications (N)"
"162","MRE-Ocean",1981,129,"Academic
(N publications)","Publications (N)"
"163","MRE-Ocean",1982,77,"Academic
(N publications)","Publications (N)"
"164","MRE-Ocean",1983,85,"Academic
(N publications)","Publications (N)"
"165","MRE-Ocean",1984,123,"Academic
(N publications)","Publications (N)"
"166","MRE-Ocean",1985,85,"Academic
(N publications)","Publications (N)"
"167","MRE-Ocean",1986,97,"Academic
(N publications)","Publications (N)"
"168","MRE-Ocean",1987,114,"Academic
(N publications)","Publications (N)"
"169","MRE-Ocean",1988,71,"Academic
(N publications)","Publications (N)"
"170","MRE-Ocean",1989,86,"Academic
(N publications)","Publications (N)"
"171","MRE-Ocean",1990,54,"Academic
(N publications)","Publications (N)"
"172","MRE-Ocean",1991,82,"Academic
(N publications)","Publications (N)"
"173","MRE-Ocean",1992,72,"Academic
(N publications)","Publications (N)"
"174","MRE-Ocean",1993,45,"Academic
(N publications)","Publications (N)"
"175","MRE-Ocean",1994,45,"Academic
(N publications)","Publications (N)"
"176","MRE-Ocean",1995,64,"Academic
(N publications)","Publications (N)"
"177","MRE-Ocean",1996,48,"Academic
(N publications)","Publications (N)"
"178","MRE-Ocean",1997,61,"Academic
(N publications)","Publications (N)"
"179","MRE-Ocean",1998,61,"Academic
(N publications)","Publications (N)"
"180","MRE-Ocean",1999,35,"Academic
(N publications)","Publications (N)"
"181","MRE-Ocean",2000,29,"Academic
(N publications)","Publications (N)"
"182","MRE-Ocean",2001,31,"Academic
(N publications)","Publications (N)"
"183","MRE-Ocean",2002,46,"Academic
(N publications)","Publications (N)"
"184","MRE-Ocean",2003,109,"Academic
(N publications)","Publications (N)"
"185","MRE-Ocean",2004,132,"Academic
(N publications)","Publications (N)"
"186","MRE-Ocean",2005,151,"Academic
(N publications)","Publications (N)"
"187","MRE-Ocean",2006,162,"Academic
(N publications)","Publications (N)"
"188","MRE-Ocean",2007,216,"Academic
(N publications)","Publications (N)"
"189","MRE-Ocean",2008,256,"Academic
(N publications)","Publications (N)"
"190","MRE-Ocean",2009,360,"Academic
(N publications)","Publications (N)"
"191","MRE-Ocean",2010,524,"Academic
(N publications)","Publications (N)"
"192","MRE-Ocean",2011,517,"Academic
(N publications)","Publications (N)"
"193","MRE-Ocean",2012,578,"Academic
(N publications)","Publications (N)"
"194","MRE-Ocean",2013,646,"Academic
(N publications)","Publications (N)"
"195","MRE-Ocean",2014,725,"Academic
(N publications)","Publications (N)"
"196","MRE-Ocean",2015,804,"Academic
(N publications)","Publications (N)"
"197","MRE-Ocean",2016,891,"Academic
(N publications)","Publications (N)"
"198","MRE-Ocean",2017,884,"Academic
(N publications)","Publications (N)"
"199","MRE-Ocean",2018,994,"Academic
(N publications)","Publications (N)"
"200","MRE-Ocean",2019,1064,"Academic
(N publications)","Publications (N)"
"201","MRE-Ocean",2020,1092,"Academic
(N publications)","Publications (N)"
"202","MRE-Ocean",2021,1225,"Academic
(N publications)","Publications (N)"
"203","MRE-Ocean",2022,1187,"Academic
(N publications)","Publications (N)"
"204","MRE-Ocean",2023,113,"Academic
(N publications)","Publications (N)"
"205","CDR-BioPump",1991,4,"Academic
(N publications)","Publications (N)"
"206","CDR-BioPump",1992,3,"Academic
(N publications)","Publications (N)"
"207","CDR-BioPump",1993,4,"Academic
(N publications)","Publications (N)"
"208","CDR-BioPump",1994,3,"Academic
(N publications)","Publications (N)"
"209","CDR-BioPump",1995,1,"Academic
(N publications)","Publications (N)"
"210","CDR-BioPump",1996,1,"Academic
(N publications)","Publications (N)"
"211","CDR-BioPump",1997,4,"Academic
(N publications)","Publications (N)"
"212","CDR-BioPump",1998,6,"Academic
(N publications)","Publications (N)"
"213","CDR-BioPump",1999,5,"Academic
(N publications)","Publications (N)"
"214","CDR-BioPump",2000,5,"Academic
(N publications)","Publications (N)"
"215","CDR-BioPump",2001,9,"Academic
(N publications)","Publications (N)"
"216","CDR-BioPump",2002,4,"Academic
(N publications)","Publications (N)"
"217","CDR-BioPump",2003,8,"Academic
(N publications)","Publications (N)"
"218","CDR-BioPump",2004,9,"Academic
(N publications)","Publications (N)"
"219","CDR-BioPump",2005,10,"Academic
(N publications)","Publications (N)"
"220","CDR-BioPump",2006,10,"Academic
(N publications)","Publications (N)"
"221","CDR-BioPump",2007,9,"Academic
(N publications)","Publications (N)"
"222","CDR-BioPump",2008,27,"Academic
(N publications)","Publications (N)"
"223","CDR-BioPump",2009,22,"Academic
(N publications)","Publications (N)"
"224","CDR-BioPump",2010,17,"Academic
(N publications)","Publications (N)"
"225","CDR-BioPump",2011,23,"Academic
(N publications)","Publications (N)"
"226","CDR-BioPump",2012,17,"Academic
(N publications)","Publications (N)"
"227","CDR-BioPump",2013,19,"Academic
(N publications)","Publications (N)"
"228","CDR-BioPump",2014,28,"Academic
(N publications)","Publications (N)"
"229","CDR-BioPump",2015,37,"Academic
(N publications)","Publications (N)"
"230","CDR-BioPump",2016,35,"Academic
(N publications)","Publications (N)"
"231","CDR-BioPump",2017,35,"Academic
(N publications)","Publications (N)"
"232","CDR-BioPump",2018,46,"Academic
(N publications)","Publications (N)"
"233","CDR-BioPump",2019,34,"Academic
(N publications)","Publications (N)"
"234","CDR-BioPump",2020,40,"Academic
(N publications)","Publications (N)"
"235","CDR-BioPump",2021,32,"Academic
(N publications)","Publications (N)"
"236","CDR-BioPump",2022,49,"Academic
(N publications)","Publications (N)"
"237","CDR-BioPump",2023,6,"Academic
(N publications)","Publications (N)"
"238","CDR-OAE",1991,1,"Academic
(N publications)","Publications (N)"
"239","CDR-OAE",1993,1,"Academic
(N publications)","Publications (N)"
"240","CDR-OAE",1995,1,"Academic
(N publications)","Publications (N)"
"241","CDR-OAE",1997,1,"Academic
(N publications)","Publications (N)"
"242","CDR-OAE",1999,2,"Academic
(N publications)","Publications (N)"
"243","CDR-OAE",2000,1,"Academic
(N publications)","Publications (N)"
"244","CDR-OAE",2001,2,"Academic
(N publications)","Publications (N)"
"245","CDR-OAE",2002,3,"Academic
(N publications)","Publications (N)"
"246","CDR-OAE",2003,2,"Academic
(N publications)","Publications (N)"
"247","CDR-OAE",2004,6,"Academic
(N publications)","Publications (N)"
"248","CDR-OAE",2005,3,"Academic
(N publications)","Publications (N)"
"249","CDR-OAE",2006,2,"Academic
(N publications)","Publications (N)"
"250","CDR-OAE",2007,2,"Academic
(N publications)","Publications (N)"
"251","CDR-OAE",2008,9,"Academic
(N publications)","Publications (N)"
"252","CDR-OAE",2009,10,"Academic
(N publications)","Publications (N)"
"253","CDR-OAE",2010,11,"Academic
(N publications)","Publications (N)"
"254","CDR-OAE",2011,7,"Academic
(N publications)","Publications (N)"
"255","CDR-OAE",2012,12,"Academic
(N publications)","Publications (N)"
"256","CDR-OAE",2013,7,"Academic
(N publications)","Publications (N)"
"257","CDR-OAE",2014,8,"Academic
(N publications)","Publications (N)"
"258","CDR-OAE",2015,8,"Academic
(N publications)","Publications (N)"
"259","CDR-OAE",2016,12,"Academic
(N publications)","Publications (N)"
"260","CDR-OAE",2017,14,"Academic
(N publications)","Publications (N)"
"261","CDR-OAE",2018,9,"Academic
(N publications)","Publications (N)"
"262","CDR-OAE",2019,10,"Academic
(N publications)","Publications (N)"
"263","CDR-OAE",2020,18,"Academic
(N publications)","Publications (N)"
"264","CDR-OAE",2021,15,"Academic
(N publications)","Publications (N)"
"265","CDR-OAE",2022,16,"Academic
(N publications)","Publications (N)"
"266","CDR-OAE",2023,6,"Academic
(N publications)","Publications (N)"
"267","CDR-BC",1982,1,"Academic
(N publications)","Publications (N)"
"268","CDR-BC",1986,1,"Academic
(N publications)","Publications (N)"
"269","CDR-BC",1991,1,"Academic
(N publications)","Publications (N)"
"270","CDR-BC",1992,2,"Academic
(N publications)","Publications (N)"
"271","CDR-BC",1993,3,"Academic
(N publications)","Publications (N)"
"272","CDR-BC",1994,3,"Academic
(N publications)","Publications (N)"
"273","CDR-BC",1995,3,"Academic
(N publications)","Publications (N)"
"274","CDR-BC",1996,6,"Academic
(N publications)","Publications (N)"
"275","CDR-BC",1997,8,"Academic
(N publications)","Publications (N)"
"276","CDR-BC",1998,4,"Academic
(N publications)","Publications (N)"
"277","CDR-BC",1999,6,"Academic
(N publications)","Publications (N)"
"278","CDR-BC",2000,9,"Academic
(N publications)","Publications (N)"
"279","CDR-BC",2001,8,"Academic
(N publications)","Publications (N)"
"280","CDR-BC",2002,12,"Academic
(N publications)","Publications (N)"
"281","CDR-BC",2003,8,"Academic
(N publications)","Publications (N)"
"282","CDR-BC",2004,12,"Academic
(N publications)","Publications (N)"
"283","CDR-BC",2005,11,"Academic
(N publications)","Publications (N)"
"284","CDR-BC",2006,6,"Academic
(N publications)","Publications (N)"
"285","CDR-BC",2007,16,"Academic
(N publications)","Publications (N)"
"286","CDR-BC",2008,22,"Academic
(N publications)","Publications (N)"
"287","CDR-BC",2009,26,"Academic
(N publications)","Publications (N)"
"288","CDR-BC",2010,32,"Academic
(N publications)","Publications (N)"
"289","CDR-BC",2011,41,"Academic
(N publications)","Publications (N)"
"290","CDR-BC",2012,56,"Academic
(N publications)","Publications (N)"
"291","CDR-BC",2013,82,"Academic
(N publications)","Publications (N)"
"292","CDR-BC",2014,106,"Academic
(N publications)","Publications (N)"
"293","CDR-BC",2015,107,"Academic
(N publications)","Publications (N)"
"294","CDR-BC",2016,151,"Academic
(N publications)","Publications (N)"
"295","CDR-BC",2017,178,"Academic
(N publications)","Publications (N)"
"296","CDR-BC",2018,245,"Academic
(N publications)","Publications (N)"
"297","CDR-BC",2019,274,"Academic
(N publications)","Publications (N)"
"298","CDR-BC",2020,301,"Academic
(N publications)","Publications (N)"
"299","CDR-BC",2021,334,"Academic
(N publications)","Publications (N)"
"300","CDR-BC",2022,394,"Academic
(N publications)","Publications (N)"
"301","CDR-BC",2023,37,"Academic
(N publications)","Publications (N)"
"302","CCS",1997,1,"Non-binding policy
(N documents)","Non-binding policy (N)"
"303","CCS",1999,1,"Non-binding policy
(N documents)","Non-binding policy (N)"
"304","CCS",2001,1,"Non-binding policy
(N documents)","Non-binding policy (N)"
"305","CCS",2004,1,"Non-binding policy
(N documents)","Non-binding policy (N)"
"306","CCS",2005,1,"Non-binding policy
(N documents)","Non-binding policy (N)"
"307","CCS",2007,1,"Non-binding policy
(N documents)","Non-binding policy (N)"
"308","CCS",2008,1,"Non-binding policy
(N documents)","Non-binding policy (N)"
"309","CCS",2009,3,"Non-binding policy
(N documents)","Non-binding policy (N)"
"310","CCS",2010,7,"Non-binding policy
(N documents)","Non-binding policy (N)"
"311","CCS",2011,8,"Non-binding policy
(N documents)","Non-binding policy (N)"
"312","CCS",2012,6,"Non-binding policy
(N documents)","Non-binding policy (N)"
"313","CCS",2013,6,"Non-binding policy
(N documents)","Non-binding policy (N)"
"314","CCS",2014,7,"Non-binding policy
(N documents)","Non-binding policy (N)"
"315","CCS",2015,21,"Non-binding policy
(N documents)","Non-binding policy (N)"
"316","CCS",2016,16,"Non-binding policy
(N documents)","Non-binding policy (N)"
"317","CCS",2017,16,"Non-binding policy
(N documents)","Non-binding policy (N)"
"318","CCS",2018,15,"Non-binding policy
(N documents)","Non-binding policy (N)"
"319","CCS",2019,18,"Non-binding policy
(N documents)","Non-binding policy (N)"
"320","CCS",2020,24,"Non-binding policy
(N documents)","Non-binding policy (N)"
"321","CCS",2021,17,"Non-binding policy
(N documents)","Non-binding policy (N)"
"322","CCS",2022,10,"Non-binding policy
(N documents)","Non-binding policy (N)"
"323","CCS",2023,7,"Non-binding policy
(N documents)","Non-binding policy (N)"
"324","CCS",2024,2,"Non-binding policy
(N documents)","Non-binding policy (N)"
"325","CDR-BC",1982,1,"Non-binding policy
(N documents)","Non-binding policy (N)"
"326","CDR-BC",1990,1,"Non-binding policy
(N documents)","Non-binding policy (N)"
"327","CDR-BC",1991,2,"Non-binding policy
(N documents)","Non-binding policy (N)"
"328","CDR-BC",1995,2,"Non-binding policy
(N documents)","Non-binding policy (N)"
"329","CDR-BC",1997,4,"Non-binding policy
(N documents)","Non-binding policy (N)"
"330","CDR-BC",1998,3,"Non-binding policy
(N documents)","Non-binding policy (N)"
"331","CDR-BC",1999,9,"Non-binding policy
(N documents)","Non-binding policy (N)"
"332","CDR-BC",2000,4,"Non-binding policy
(N documents)","Non-binding policy (N)"
"333","CDR-BC",2001,3,"Non-binding policy
(N documents)","Non-binding policy (N)"
"334","CDR-BC",2002,10,"Non-binding policy
(N documents)","Non-binding policy (N)"
"335","CDR-BC",2003,2,"Non-binding policy
(N documents)","Non-binding policy (N)"
"336","CDR-BC",2004,7,"Non-binding policy
(N documents)","Non-binding policy (N)"
"337","CDR-BC",2005,6,"Non-binding policy
(N documents)","Non-binding policy (N)"
"338","CDR-BC",2006,8,"Non-binding policy
(N documents)","Non-binding policy (N)"
"339","CDR-BC",2007,14,"Non-binding policy
(N documents)","Non-binding policy (N)"
"340","CDR-BC",2008,15,"Non-binding policy
(N documents)","Non-binding policy (N)"
"341","CDR-BC",2009,11,"Non-binding policy
(N documents)","Non-binding policy (N)"
"342","CDR-BC",2010,12,"Non-binding policy
(N documents)","Non-binding policy (N)"
"343","CDR-BC",2011,26,"Non-binding policy
(N documents)","Non-binding policy (N)"
"344","CDR-BC",2012,20,"Non-binding policy
(N documents)","Non-binding policy (N)"
"345","CDR-BC",2013,27,"Non-binding policy
(N documents)","Non-binding policy (N)"
"346","CDR-BC",2014,35,"Non-binding policy
(N documents)","Non-binding policy (N)"
"347","CDR-BC",2015,57,"Non-binding policy
(N documents)","Non-binding policy (N)"
"348","CDR-BC",2016,49,"Non-binding policy
(N documents)","Non-binding policy (N)"
"349","CDR-BC",2017,48,"Non-binding policy
(N documents)","Non-binding policy (N)"
"350","CDR-BC",2018,46,"Non-binding policy
(N documents)","Non-binding policy (N)"
"351","CDR-BC",2019,37,"Non-binding policy
(N documents)","Non-binding policy (N)"
"352","CDR-BC",2020,32,"Non-binding policy
(N documents)","Non-binding policy (N)"
"353","CDR-BC",2021,31,"Non-binding policy
(N documents)","Non-binding policy (N)"
"354","CDR-BC",2022,30,"Non-binding policy
(N documents)","Non-binding policy (N)"
"355","CDR-BC",2023,20,"Non-binding policy
(N documents)","Non-binding policy (N)"
"356","CDR-BC",2024,2,"Non-binding policy
(N documents)","Non-binding policy (N)"
"357","CDR-BioPump",1991,1,"Non-binding policy
(N documents)","Non-binding policy (N)"
"358","CDR-BioPump",1997,1,"Non-binding policy
(N documents)","Non-binding policy (N)"
"359","CDR-BioPump",1999,1,"Non-binding policy
(N documents)","Non-binding policy (N)"
"360","CDR-BioPump",2000,2,"Non-binding policy
(N documents)","Non-binding policy (N)"
"361","CDR-BioPump",2001,2,"Non-binding policy
(N documents)","Non-binding policy (N)"
"362","CDR-BioPump",2002,1,"Non-binding policy
(N documents)","Non-binding policy (N)"
"363","CDR-BioPump",2003,2,"Non-binding policy
(N documents)","Non-binding policy (N)"
"364","CDR-BioPump",2004,2,"Non-binding policy
(N documents)","Non-binding policy (N)"
"365","CDR-BioPump",2005,2,"Non-binding policy
(N documents)","Non-binding policy (N)"
"366","CDR-BioPump",2006,2,"Non-binding policy
(N documents)","Non-binding policy (N)"
"367","CDR-BioPump",2007,4,"Non-binding policy
(N documents)","Non-binding policy (N)"
"368","CDR-BioPump",2008,2,"Non-binding policy
(N documents)","Non-binding policy (N)"
"369","CDR-BioPump",2009,5,"Non-binding policy
(N documents)","Non-binding policy (N)"
"370","CDR-BioPump",2010,6,"Non-binding policy
(N documents)","Non-binding policy (N)"
"371","CDR-BioPump",2011,9,"Non-binding policy
(N documents)","Non-binding policy (N)"
"372","CDR-BioPump",2012,5,"Non-binding policy
(N documents)","Non-binding policy (N)"
"373","CDR-BioPump",2013,9,"Non-binding policy
(N documents)","Non-binding policy (N)"
"374","CDR-BioPump",2014,9,"Non-binding policy
(N documents)","Non-binding policy (N)"
"375","CDR-BioPump",2015,15,"Non-binding policy
(N documents)","Non-binding policy (N)"
"376","CDR-BioPump",2016,10,"Non-binding policy
(N documents)","Non-binding policy (N)"
"377","CDR-BioPump",2017,10,"Non-binding policy
(N documents)","Non-binding policy (N)"
"378","CDR-BioPump",2018,8,"Non-binding policy
(N documents)","Non-binding policy (N)"
"379","CDR-BioPump",2019,12,"Non-binding policy
(N documents)","Non-binding policy (N)"
"380","CDR-BioPump",2020,12,"Non-binding policy
(N documents)","Non-binding policy (N)"
"381","CDR-BioPump",2021,10,"Non-binding policy
(N documents)","Non-binding policy (N)"
"382","CDR-BioPump",2022,6,"Non-binding policy
(N documents)","Non-binding policy (N)"
"383","CDR-BioPump",2023,3,"Non-binding policy
(N documents)","Non-binding policy (N)"
"384","CDR-Cult",1982,1,"Non-binding policy
(N documents)","Non-binding policy (N)"
"385","CDR-Cult",1991,1,"Non-binding policy
(N documents)","Non-binding policy (N)"
"386","CDR-Cult",1998,1,"Non-binding policy
(N documents)","Non-binding policy (N)"
"387","CDR-Cult",1999,1,"Non-binding policy
(N documents)","Non-binding policy (N)"
"388","CDR-Cult",2001,1,"Non-binding policy
(N documents)","Non-binding policy (N)"
"389","CDR-Cult",2002,2,"Non-binding policy
(N documents)","Non-binding policy (N)"
"390","CDR-Cult",2003,2,"Non-binding policy
(N documents)","Non-binding policy (N)"
"391","CDR-Cult",2004,1,"Non-binding policy
(N documents)","Non-binding policy (N)"
"392","CDR-Cult",2005,3,"Non-binding policy
(N documents)","Non-binding policy (N)"
"393","CDR-Cult",2006,2,"Non-binding policy
(N documents)","Non-binding policy (N)"
"394","CDR-Cult",2008,2,"Non-binding policy
(N documents)","Non-binding policy (N)"
"395","CDR-Cult",2009,5,"Non-binding policy
(N documents)","Non-binding policy (N)"
"396","CDR-Cult",2010,3,"Non-binding policy
(N documents)","Non-binding policy (N)"
"397","CDR-Cult",2011,5,"Non-binding policy
(N documents)","Non-binding policy (N)"
"398","CDR-Cult",2012,5,"Non-binding policy
(N documents)","Non-binding policy (N)"
"399","CDR-Cult",2013,4,"Non-binding policy
(N documents)","Non-binding policy (N)"
"400","CDR-Cult",2014,6,"Non-binding policy
(N documents)","Non-binding policy (N)"
"401","CDR-Cult",2015,13,"Non-binding policy
(N documents)","Non-binding policy (N)"
"402","CDR-Cult",2016,12,"Non-binding policy
(N documents)","Non-binding policy (N)"
"403","CDR-Cult",2017,13,"Non-binding policy
(N documents)","Non-binding policy (N)"
"404","CDR-Cult",2018,12,"Non-binding policy
(N documents)","Non-binding policy (N)"
"405","CDR-Cult",2019,10,"Non-binding policy
(N documents)","Non-binding policy (N)"
"406","CDR-Cult",2020,10,"Non-binding policy
(N documents)","Non-binding policy (N)"
"407","CDR-Cult",2021,11,"Non-binding policy
(N documents)","Non-binding policy (N)"
"408","CDR-Cult",2022,6,"Non-binding policy
(N documents)","Non-binding policy (N)"
"409","CDR-Cult",2023,5,"Non-binding policy
(N documents)","Non-binding policy (N)"
"410","CDR-Cult",2024,1,"Non-binding policy
(N documents)","Non-binding policy (N)"
"411","CDR-OAE",1995,1,"Non-binding policy
(N documents)","Non-binding policy (N)"
"412","CDR-OAE",2001,1,"Non-binding policy
(N documents)","Non-binding policy (N)"
"413","CDR-OAE",2002,1,"Non-binding policy
(N documents)","Non-binding policy (N)"
"414","CDR-OAE",2004,1,"Non-binding policy
(N documents)","Non-binding policy (N)"
"415","CDR-OAE",2005,2,"Non-binding policy
(N documents)","Non-binding policy (N)"
"416","CDR-OAE",2008,1,"Non-binding policy
(N documents)","Non-binding policy (N)"
"417","CDR-OAE",2009,1,"Non-binding policy
(N documents)","Non-binding policy (N)"
"418","CDR-OAE",2010,1,"Non-binding policy
(N documents)","Non-binding policy (N)"
"419","CDR-OAE",2012,2,"Non-binding policy
(N documents)","Non-binding policy (N)"
"420","CDR-OAE",2014,1,"Non-binding policy
(N documents)","Non-binding policy (N)"
"421","CDR-OAE",2015,1,"Non-binding policy
(N documents)","Non-binding policy (N)"
"422","CDR-OAE",2016,4,"Non-binding policy
(N documents)","Non-binding policy (N)"
"423","CDR-OAE",2017,4,"Non-binding policy
(N documents)","Non-binding policy (N)"
"424","CDR-OAE",2018,3,"Non-binding policy
(N documents)","Non-binding policy (N)"
"425","CDR-OAE",2019,1,"Non-binding policy
(N documents)","Non-binding policy (N)"
"426","CDR-OAE",2020,2,"Non-binding policy
(N documents)","Non-binding policy (N)"
"427","CDR-OAE",2023,1,"Non-binding policy
(N documents)","Non-binding policy (N)"
"428","Efficiency",1980,1,"Non-binding policy
(N documents)","Non-binding policy (N)"
"429","Efficiency",1987,1,"Non-binding policy
(N documents)","Non-binding policy (N)"
"430","Efficiency",1991,1,"Non-binding policy
(N documents)","Non-binding policy (N)"
"431","Efficiency",1995,3,"Non-binding policy
(N documents)","Non-binding policy (N)"
"432","Efficiency",1996,2,"Non-binding policy
(N documents)","Non-binding policy (N)"
"433","Efficiency",1997,5,"Non-binding policy
(N documents)","Non-binding policy (N)"
"434","Efficiency",1998,1,"Non-binding policy
(N documents)","Non-binding policy (N)"
"435","Efficiency",1999,7,"Non-binding policy
(N documents)","Non-binding policy (N)"
"436","Efficiency",2000,6,"Non-binding policy
(N documents)","Non-binding policy (N)"
"437","Efficiency",2001,7,"Non-binding policy
(N documents)","Non-binding policy (N)"
"438","Efficiency",2002,15,"Non-binding policy
(N documents)","Non-binding policy (N)"
"439","Efficiency",2003,6,"Non-binding policy
(N documents)","Non-binding policy (N)"
"440","Efficiency",2004,13,"Non-binding policy
(N documents)","Non-binding policy (N)"
"441","Efficiency",2005,18,"Non-binding policy
(N documents)","Non-binding policy (N)"
"442","Efficiency",2006,25,"Non-binding policy
(N documents)","Non-binding policy (N)"
"443","Efficiency",2007,38,"Non-binding policy
(N documents)","Non-binding policy (N)"
"444","Efficiency",2008,24,"Non-binding policy
(N documents)","Non-binding policy (N)"
"445","Efficiency",2009,31,"Non-binding policy
(N documents)","Non-binding policy (N)"
"446","Efficiency",2010,46,"Non-binding policy
(N documents)","Non-binding policy (N)"
"447","Efficiency",2011,58,"Non-binding policy
(N documents)","Non-binding policy (N)"
"448","Efficiency",2012,47,"Non-binding policy
(N documents)","Non-binding policy (N)"
"449","Efficiency",2013,65,"Non-binding policy
(N documents)","Non-binding policy (N)"
"450","Efficiency",2014,68,"Non-binding policy
(N documents)","Non-binding policy (N)"
"451","Efficiency",2015,112,"Non-binding policy
(N documents)","Non-binding policy (N)"
"452","Efficiency",2016,94,"Non-binding policy
(N documents)","Non-binding policy (N)"
"453","Efficiency",2017,100,"Non-binding policy
(N documents)","Non-binding policy (N)"
"454","Efficiency",2018,94,"Non-binding policy
(N documents)","Non-binding policy (N)"
"455","Efficiency",2019,74,"Non-binding policy
(N documents)","Non-binding policy (N)"
"456","Efficiency",2020,91,"Non-binding policy
(N documents)","Non-binding policy (N)"
"457","Efficiency",2021,69,"Non-binding policy
(N documents)","Non-binding policy (N)"
"458","Efficiency",2022,56,"Non-binding policy
(N documents)","Non-binding policy (N)"
"459","Efficiency",2023,34,"Non-binding policy
(N documents)","Non-binding policy (N)"
"460","Efficiency",2024,3,"Non-binding policy
(N documents)","Non-binding policy (N)"
"461","MRE-Bio",2002,1,"Non-binding policy
(N documents)","Non-binding policy (N)"
"462","MRE-Bio",2004,1,"Non-binding policy
(N documents)","Non-binding policy (N)"
"463","MRE-Bio",2006,1,"Non-binding policy
(N documents)","Non-binding policy (N)"
"464","MRE-Bio",2007,2,"Non-binding policy
(N documents)","Non-binding policy (N)"
"465","MRE-Bio",2009,1,"Non-binding policy
(N documents)","Non-binding policy (N)"
"466","MRE-Bio",2010,3,"Non-binding policy
(N documents)","Non-binding policy (N)"
"467","MRE-Bio",2011,1,"Non-binding policy
(N documents)","Non-binding policy (N)"
"468","MRE-Bio",2012,4,"Non-binding policy
(N documents)","Non-binding policy (N)"
"469","MRE-Bio",2013,1,"Non-binding policy
(N documents)","Non-binding policy (N)"
"470","MRE-Bio",2014,2,"Non-binding policy
(N documents)","Non-binding policy (N)"
"471","MRE-Bio",2017,1,"Non-binding policy
(N documents)","Non-binding policy (N)"
"472","MRE-Bio",2018,3,"Non-binding policy
(N documents)","Non-binding policy (N)"
"473","MRE-Bio",2021,2,"Non-binding policy
(N documents)","Non-binding policy (N)"
"474","MRE-Bio",2022,2,"Non-binding policy
(N documents)","Non-binding policy (N)"
"475","MRE-Located",1979,1,"Non-binding policy
(N documents)","Non-binding policy (N)"
"476","MRE-Located",1982,2,"Non-binding policy
(N documents)","Non-binding policy (N)"
"477","MRE-Located",1984,1,"Non-binding policy
(N documents)","Non-binding policy (N)"
"478","MRE-Located",1987,1,"Non-binding policy
(N documents)","Non-binding policy (N)"
"479","MRE-Located",1991,2,"Non-binding policy
(N documents)","Non-binding policy (N)"
"480","MRE-Located",1992,1,"Non-binding policy
(N documents)","Non-binding policy (N)"
"481","MRE-Located",1993,4,"Non-binding policy
(N documents)","Non-binding policy (N)"
"482","MRE-Located",1994,2,"Non-binding policy
(N documents)","Non-binding policy (N)"
"483","MRE-Located",1995,5,"Non-binding policy
(N documents)","Non-binding policy (N)"
"484","MRE-Located",1997,8,"Non-binding policy
(N documents)","Non-binding policy (N)"
"485","MRE-Located",1998,2,"Non-binding policy
(N documents)","Non-binding policy (N)"
"486","MRE-Located",1999,5,"Non-binding policy
(N documents)","Non-binding policy (N)"
"487","MRE-Located",2000,3,"Non-binding policy
(N documents)","Non-binding policy (N)"
"488","MRE-Located",2001,1,"Non-binding policy
(N documents)","Non-binding policy (N)"
"489","MRE-Located",2002,9,"Non-binding policy
(N documents)","Non-binding policy (N)"
"490","MRE-Located",2003,4,"Non-binding policy
(N documents)","Non-binding policy (N)"
"491","MRE-Located",2004,10,"Non-binding policy
(N documents)","Non-binding policy (N)"
"492","MRE-Located",2005,17,"Non-binding policy
(N documents)","Non-binding policy (N)"
"493","MRE-Located",2006,15,"Non-binding policy
(N documents)","Non-binding policy (N)"
"494","MRE-Located",2007,15,"Non-binding policy
(N documents)","Non-binding policy (N)"
"495","MRE-Located",2008,12,"Non-binding policy
(N documents)","Non-binding policy (N)"
"496","MRE-Located",2009,22,"Non-binding policy
(N documents)","Non-binding policy (N)"
"497","MRE-Located",2010,25,"Non-binding policy
(N documents)","Non-binding policy (N)"
"498","MRE-Located",2011,28,"Non-binding policy
(N documents)","Non-binding policy (N)"
"499","MRE-Located",2012,24,"Non-binding policy
(N documents)","Non-binding policy (N)"
"500","MRE-Located",2013,31,"Non-binding policy
(N documents)","Non-binding policy (N)"
"501","MRE-Located",2014,41,"Non-binding policy
(N documents)","Non-binding policy (N)"
"502","MRE-Located",2015,68,"Non-binding policy
(N documents)","Non-binding policy (N)"
"503","MRE-Located",2016,51,"Non-binding policy
(N documents)","Non-binding policy (N)"
"504","MRE-Located",2017,48,"Non-binding policy
(N documents)","Non-binding policy (N)"
"505","MRE-Located",2018,55,"Non-binding policy
(N documents)","Non-binding policy (N)"
"506","MRE-Located",2019,32,"Non-binding policy
(N documents)","Non-binding policy (N)"
"507","MRE-Located",2020,57,"Non-binding policy
(N documents)","Non-binding policy (N)"
"508","MRE-Located",2021,41,"Non-binding policy
(N documents)","Non-binding policy (N)"
"509","MRE-Located",2022,26,"Non-binding policy
(N documents)","Non-binding policy (N)"
"510","MRE-Located",2023,25,"Non-binding policy
(N documents)","Non-binding policy (N)"
"511","MRE-Located",2024,3,"Non-binding policy
(N documents)","Non-binding policy (N)"
"512","MRE-Ocean",1977,1,"Non-binding policy
(N documents)","Non-binding policy (N)"
"513","MRE-Ocean",1982,2,"Non-binding policy
(N documents)","Non-binding policy (N)"
"514","MRE-Ocean",1983,1,"Non-binding policy
(N documents)","Non-binding policy (N)"
"515","MRE-Ocean",1987,1,"Non-binding policy
(N documents)","Non-binding policy (N)"
"516","MRE-Ocean",1989,1,"Non-binding policy
(N documents)","Non-binding policy (N)"
"517","MRE-Ocean",1990,1,"Non-binding policy
(N documents)","Non-binding policy (N)"
"518","MRE-Ocean",1991,2,"Non-binding policy
(N documents)","Non-binding policy (N)"
"519","MRE-Ocean",1993,1,"Non-binding policy
(N documents)","Non-binding policy (N)"
"520","MRE-Ocean",1995,2,"Non-binding policy
(N documents)","Non-binding policy (N)"
"521","MRE-Ocean",1996,1,"Non-binding policy
(N documents)","Non-binding policy (N)"
"522","MRE-Ocean",1997,2,"Non-binding policy
(N documents)","Non-binding policy (N)"
"523","MRE-Ocean",1998,2,"Non-binding policy
(N documents)","Non-binding policy (N)"
"524","MRE-Ocean",1999,4,"Non-binding policy
(N documents)","Non-binding policy (N)"
"525","MRE-Ocean",2000,4,"Non-binding policy
(N documents)","Non-binding policy (N)"
"526","MRE-Ocean",2001,3,"Non-binding policy
(N documents)","Non-binding policy (N)"
"527","MRE-Ocean",2002,10,"Non-binding policy
(N documents)","Non-binding policy (N)"
"528","MRE-Ocean",2003,6,"Non-binding policy
(N documents)","Non-binding policy (N)"
"529","MRE-Ocean",2004,8,"Non-binding policy
(N documents)","Non-binding policy (N)"
"530","MRE-Ocean",2005,12,"Non-binding policy
(N documents)","Non-binding policy (N)"
"531","MRE-Ocean",2006,7,"Non-binding policy
(N documents)","Non-binding policy (N)"
"532","MRE-Ocean",2007,16,"Non-binding policy
(N documents)","Non-binding policy (N)"
"533","MRE-Ocean",2008,11,"Non-binding policy
(N documents)","Non-binding policy (N)"
"534","MRE-Ocean",2009,16,"Non-binding policy
(N documents)","Non-binding policy (N)"
"535","MRE-Ocean",2010,24,"Non-binding policy
(N documents)","Non-binding policy (N)"
"536","MRE-Ocean",2011,21,"Non-binding policy
(N documents)","Non-binding policy (N)"
"537","MRE-Ocean",2012,20,"Non-binding policy
(N documents)","Non-binding policy (N)"
"538","MRE-Ocean",2013,29,"Non-binding policy
(N documents)","Non-binding policy (N)"
"539","MRE-Ocean",2014,24,"Non-binding policy
(N documents)","Non-binding policy (N)"
"540","MRE-Ocean",2015,51,"Non-binding policy
(N documents)","Non-binding policy (N)"
"541","MRE-Ocean",2016,38,"Non-binding policy
(N documents)","Non-binding policy (N)"
"542","MRE-Ocean",2017,34,"Non-binding policy
(N documents)","Non-binding policy (N)"
"543","MRE-Ocean",2018,38,"Non-binding policy
(N documents)","Non-binding policy (N)"
"544","MRE-Ocean",2019,28,"Non-binding policy
(N documents)","Non-binding policy (N)"
"545","MRE-Ocean",2020,39,"Non-binding policy
(N documents)","Non-binding policy (N)"
"546","MRE-Ocean",2021,26,"Non-binding policy
(N documents)","Non-binding policy (N)"
"547","MRE-Ocean",2022,12,"Non-binding policy
(N documents)","Non-binding policy (N)"
"548","MRE-Ocean",2023,12,"Non-binding policy
(N documents)","Non-binding policy (N)"
"549","MRE-Ocean",2024,2,"Non-binding policy
(N documents)","Non-binding policy (N)"
"550","CCS",1979,1,"Legislation
(N documents)","Legislation (N)"
"551","CCS",1994,2,"Legislation
(N documents)","Legislation (N)"
"552","CCS",1996,1,"Legislation
(N documents)","Legislation (N)"
"553","CCS",1999,1,"Legislation
(N documents)","Legislation (N)"
"554","CCS",2000,2,"Legislation
(N documents)","Legislation (N)"
"555","CCS",2002,1,"Legislation
(N documents)","Legislation (N)"
"556","CCS",2004,1,"Legislation
(N documents)","Legislation (N)"
"557","CCS",2007,2,"Legislation
(N documents)","Legislation (N)"
"558","CCS",2008,3,"Legislation
(N documents)","Legislation (N)"
"559","CCS",2009,5,"Legislation
(N documents)","Legislation (N)"
"560","CCS",2010,6,"Legislation
(N documents)","Legislation (N)"
"561","CCS",2011,9,"Legislation
(N documents)","Legislation (N)"
"562","CCS",2012,2,"Legislation
(N documents)","Legislation (N)"
"563","CCS",2013,4,"Legislation
(N documents)","Legislation (N)"
"564","CCS",2014,7,"Legislation
(N documents)","Legislation (N)"
"565","CCS",2015,9,"Legislation
(N documents)","Legislation (N)"
"566","CCS",2016,4,"Legislation
(N documents)","Legislation (N)"
"567","CCS",2017,9,"Legislation
(N documents)","Legislation (N)"
"568","CCS",2018,3,"Legislation
(N documents)","Legislation (N)"
"569","CCS",2019,4,"Legislation
(N documents)","Legislation (N)"
"570","CCS",2020,5,"Legislation
(N documents)","Legislation (N)"
"571","CCS",2021,12,"Legislation
(N documents)","Legislation (N)"
"572","CCS",2022,7,"Legislation
(N documents)","Legislation (N)"
"573","CCS",2023,6,"Legislation
(N documents)","Legislation (N)"
"574","CCS",2024,4,"Legislation
(N documents)","Legislation (N)"
"575","CDR-BC",1976,2,"Legislation
(N documents)","Legislation (N)"
"576","CDR-BC",1977,1,"Legislation
(N documents)","Legislation (N)"
"577","CDR-BC",1979,1,"Legislation
(N documents)","Legislation (N)"
"578","CDR-BC",1983,1,"Legislation
(N documents)","Legislation (N)"
"579","CDR-BC",1985,1,"Legislation
(N documents)","Legislation (N)"
"580","CDR-BC",1988,1,"Legislation
(N documents)","Legislation (N)"
"581","CDR-BC",1989,2,"Legislation
(N documents)","Legislation (N)"
"582","CDR-BC",1990,4,"Legislation
(N documents)","Legislation (N)"
"583","CDR-BC",1991,2,"Legislation
(N documents)","Legislation (N)"
"584","CDR-BC",1992,1,"Legislation
(N documents)","Legislation (N)"
"585","CDR-BC",1993,1,"Legislation
(N documents)","Legislation (N)"
"586","CDR-BC",1994,5,"Legislation
(N documents)","Legislation (N)"
"587","CDR-BC",1995,5,"Legislation
(N documents)","Legislation (N)"
"588","CDR-BC",1996,5,"Legislation
(N documents)","Legislation (N)"
"589","CDR-BC",1997,5,"Legislation
(N documents)","Legislation (N)"
"590","CDR-BC",1998,1,"Legislation
(N documents)","Legislation (N)"
"591","CDR-BC",1999,6,"Legislation
(N documents)","Legislation (N)"
"592","CDR-BC",2000,10,"Legislation
(N documents)","Legislation (N)"
"593","CDR-BC",2001,11,"Legislation
(N documents)","Legislation (N)"
"594","CDR-BC",2002,8,"Legislation
(N documents)","Legislation (N)"
"595","CDR-BC",2003,8,"Legislation
(N documents)","Legislation (N)"
"596","CDR-BC",2004,5,"Legislation
(N documents)","Legislation (N)"
"597","CDR-BC",2005,10,"Legislation
(N documents)","Legislation (N)"
"598","CDR-BC",2006,4,"Legislation
(N documents)","Legislation (N)"
"599","CDR-BC",2007,9,"Legislation
(N documents)","Legislation (N)"
"600","CDR-BC",2008,6,"Legislation
(N documents)","Legislation (N)"
"601","CDR-BC",2009,6,"Legislation
(N documents)","Legislation (N)"
"602","CDR-BC",2010,4,"Legislation
(N documents)","Legislation (N)"
"603","CDR-BC",2011,5,"Legislation
(N documents)","Legislation (N)"
"604","CDR-BC",2012,5,"Legislation
(N documents)","Legislation (N)"
"605","CDR-BC",2013,16,"Legislation
(N documents)","Legislation (N)"
"606","CDR-BC",2014,12,"Legislation
(N documents)","Legislation (N)"
"607","CDR-BC",2015,26,"Legislation
(N documents)","Legislation (N)"
"608","CDR-BC",2016,15,"Legislation
(N documents)","Legislation (N)"
"609","CDR-BC",2017,14,"Legislation
(N documents)","Legislation (N)"
"610","CDR-BC",2018,10,"Legislation
(N documents)","Legislation (N)"
"611","CDR-BC",2019,21,"Legislation
(N documents)","Legislation (N)"
"612","CDR-BC",2020,12,"Legislation
(N documents)","Legislation (N)"
"613","CDR-BC",2021,15,"Legislation
(N documents)","Legislation (N)"
"614","CDR-BC",2022,12,"Legislation
(N documents)","Legislation (N)"
"615","CDR-BC",2023,10,"Legislation
(N documents)","Legislation (N)"
"616","CDR-BC",2024,7,"Legislation
(N documents)","Legislation (N)"
"617","CDR-BioPump",1979,2,"Legislation
(N documents)","Legislation (N)"
"618","CDR-BioPump",1987,1,"Legislation
(N documents)","Legislation (N)"
"619","CDR-BioPump",1988,2,"Legislation
(N documents)","Legislation (N)"
"620","CDR-BioPump",1990,2,"Legislation
(N documents)","Legislation (N)"
"621","CDR-BioPump",1991,3,"Legislation
(N documents)","Legislation (N)"
"622","CDR-BioPump",1992,1,"Legislation
(N documents)","Legislation (N)"
"623","CDR-BioPump",1994,3,"Legislation
(N documents)","Legislation (N)"
"624","CDR-BioPump",1995,1,"Legislation
(N documents)","Legislation (N)"
"625","CDR-BioPump",1996,3,"Legislation
(N documents)","Legislation (N)"
"626","CDR-BioPump",1997,2,"Legislation
(N documents)","Legislation (N)"
"627","CDR-BioPump",1998,1,"Legislation
(N documents)","Legislation (N)"
"628","CDR-BioPump",1999,1,"Legislation
(N documents)","Legislation (N)"
"629","CDR-BioPump",2000,4,"Legislation
(N documents)","Legislation (N)"
"630","CDR-BioPump",2001,1,"Legislation
(N documents)","Legislation (N)"
"631","CDR-BioPump",2002,1,"Legislation
(N documents)","Legislation (N)"
"632","CDR-BioPump",2003,2,"Legislation
(N documents)","Legislation (N)"
"633","CDR-BioPump",2004,2,"Legislation
(N documents)","Legislation (N)"
"634","CDR-BioPump",2005,5,"Legislation
(N documents)","Legislation (N)"
"635","CDR-BioPump",2006,5,"Legislation
(N documents)","Legislation (N)"
"636","CDR-BioPump",2007,1,"Legislation
(N documents)","Legislation (N)"
"637","CDR-BioPump",2008,3,"Legislation
(N documents)","Legislation (N)"
"638","CDR-BioPump",2009,6,"Legislation
(N documents)","Legislation (N)"
"639","CDR-BioPump",2010,5,"Legislation
(N documents)","Legislation (N)"
"640","CDR-BioPump",2011,7,"Legislation
(N documents)","Legislation (N)"
"641","CDR-BioPump",2012,5,"Legislation
(N documents)","Legislation (N)"
"642","CDR-BioPump",2013,3,"Legislation
(N documents)","Legislation (N)"
"643","CDR-BioPump",2014,5,"Legislation
(N documents)","Legislation (N)"
"644","CDR-BioPump",2015,12,"Legislation
(N documents)","Legislation (N)"
"645","CDR-BioPump",2016,8,"Legislation
(N documents)","Legislation (N)"
"646","CDR-BioPump",2017,6,"Legislation
(N documents)","Legislation (N)"
"647","CDR-BioPump",2018,3,"Legislation
(N documents)","Legislation (N)"
"648","CDR-BioPump",2019,4,"Legislation
(N documents)","Legislation (N)"
"649","CDR-BioPump",2020,4,"Legislation
(N documents)","Legislation (N)"
"650","CDR-BioPump",2021,6,"Legislation
(N documents)","Legislation (N)"
"651","CDR-BioPump",2022,6,"Legislation
(N documents)","Legislation (N)"
"652","CDR-BioPump",2023,4,"Legislation
(N documents)","Legislation (N)"
"653","CDR-Cult",1981,1,"Legislation
(N documents)","Legislation (N)"
"654","CDR-Cult",1988,1,"Legislation
(N documents)","Legislation (N)"
"655","CDR-Cult",1992,1,"Legislation
(N documents)","Legislation (N)"
"656","CDR-Cult",1999,1,"Legislation
(N documents)","Legislation (N)"
"657","CDR-Cult",2000,3,"Legislation
(N documents)","Legislation (N)"
"658","CDR-Cult",2001,2,"Legislation
(N documents)","Legislation (N)"
"659","CDR-Cult",2002,1,"Legislation
(N documents)","Legislation (N)"
"660","CDR-Cult",2008,3,"Legislation
(N documents)","Legislation (N)"
"661","CDR-Cult",2010,3,"Legislation
(N documents)","Legislation (N)"
"662","CDR-Cult",2011,3,"Legislation
(N documents)","Legislation (N)"
"663","CDR-Cult",2012,2,"Legislation
(N documents)","Legislation (N)"
"664","CDR-Cult",2014,2,"Legislation
(N documents)","Legislation (N)"
"665","CDR-Cult",2015,1,"Legislation
(N documents)","Legislation (N)"
"666","CDR-Cult",2016,2,"Legislation
(N documents)","Legislation (N)"
"667","CDR-Cult",2018,1,"Legislation
(N documents)","Legislation (N)"
"668","CDR-Cult",2020,1,"Legislation
(N documents)","Legislation (N)"
"669","CDR-Cult",2021,1,"Legislation
(N documents)","Legislation (N)"
"670","CDR-Cult",2022,2,"Legislation
(N documents)","Legislation (N)"
"671","CDR-Cult",2023,3,"Legislation
(N documents)","Legislation (N)"
"672","CDR-Cult",2024,2,"Legislation
(N documents)","Legislation (N)"
"673","CDR-OAE",1979,1,"Legislation
(N documents)","Legislation (N)"
"674","CDR-OAE",1987,1,"Legislation
(N documents)","Legislation (N)"
"675","CDR-OAE",1988,1,"Legislation
(N documents)","Legislation (N)"
"676","CDR-OAE",1989,3,"Legislation
(N documents)","Legislation (N)"
"677","CDR-OAE",1990,2,"Legislation
(N documents)","Legislation (N)"
"678","CDR-OAE",1991,2,"Legislation
(N documents)","Legislation (N)"
"679","CDR-OAE",1992,2,"Legislation
(N documents)","Legislation (N)"
"680","CDR-OAE",1993,5,"Legislation
(N documents)","Legislation (N)"
"681","CDR-OAE",1994,4,"Legislation
(N documents)","Legislation (N)"
"682","CDR-OAE",1995,3,"Legislation
(N documents)","Legislation (N)"
"683","CDR-OAE",1997,5,"Legislation
(N documents)","Legislation (N)"
"684","CDR-OAE",1998,5,"Legislation
(N documents)","Legislation (N)"
"685","CDR-OAE",1999,5,"Legislation
(N documents)","Legislation (N)"
"686","CDR-OAE",2000,7,"Legislation
(N documents)","Legislation (N)"
"687","CDR-OAE",2001,6,"Legislation
(N documents)","Legislation (N)"
"688","CDR-OAE",2002,8,"Legislation
(N documents)","Legislation (N)"
"689","CDR-OAE",2003,5,"Legislation
(N documents)","Legislation (N)"
"690","CDR-OAE",2004,5,"Legislation
(N documents)","Legislation (N)"
"691","CDR-OAE",2005,2,"Legislation
(N documents)","Legislation (N)"
"692","CDR-OAE",2006,5,"Legislation
(N documents)","Legislation (N)"
"693","CDR-OAE",2007,15,"Legislation
(N documents)","Legislation (N)"
"694","CDR-OAE",2008,9,"Legislation
(N documents)","Legislation (N)"
"695","CDR-OAE",2009,8,"Legislation
(N documents)","Legislation (N)"
"696","CDR-OAE",2010,11,"Legislation
(N documents)","Legislation (N)"
"697","CDR-OAE",2011,10,"Legislation
(N documents)","Legislation (N)"
"698","CDR-OAE",2012,11,"Legislation
(N documents)","Legislation (N)"
"699","CDR-OAE",2013,10,"Legislation
(N documents)","Legislation (N)"
"700","CDR-OAE",2014,11,"Legislation
(N documents)","Legislation (N)"
"701","CDR-OAE",2015,10,"Legislation
(N documents)","Legislation (N)"
"702","CDR-OAE",2016,14,"Legislation
(N documents)","Legislation (N)"
"703","CDR-OAE",2017,11,"Legislation
(N documents)","Legislation (N)"
"704","CDR-OAE",2018,5,"Legislation
(N documents)","Legislation (N)"
"705","CDR-OAE",2019,3,"Legislation
(N documents)","Legislation (N)"
"706","CDR-OAE",2022,2,"Legislation
(N documents)","Legislation (N)"
"707","CDR-OAE",2023,1,"Legislation
(N documents)","Legislation (N)"
"708","CDR-OAE",2024,1,"Legislation
(N documents)","Legislation (N)"
"709","Efficiency",1976,1,"Legislation
(N documents)","Legislation (N)"
"710","Efficiency",1978,1,"Legislation
(N documents)","Legislation (N)"
"711","Efficiency",1979,3,"Legislation
(N documents)","Legislation (N)"
"712","Efficiency",1980,1,"Legislation
(N documents)","Legislation (N)"
"713","Efficiency",1982,1,"Legislation
(N documents)","Legislation (N)"
"714","Efficiency",1983,1,"Legislation
(N documents)","Legislation (N)"
"715","Efficiency",1985,1,"Legislation
(N documents)","Legislation (N)"
"716","Efficiency",1986,2,"Legislation
(N documents)","Legislation (N)"
"717","Efficiency",1987,2,"Legislation
(N documents)","Legislation (N)"
"718","Efficiency",1988,2,"Legislation
(N documents)","Legislation (N)"
"719","Efficiency",1989,4,"Legislation
(N documents)","Legislation (N)"
"720","Efficiency",1990,8,"Legislation
(N documents)","Legislation (N)"
"721","Efficiency",1991,4,"Legislation
(N documents)","Legislation (N)"
"722","Efficiency",1992,2,"Legislation
(N documents)","Legislation (N)"
"723","Efficiency",1993,3,"Legislation
(N documents)","Legislation (N)"
"724","Efficiency",1994,4,"Legislation
(N documents)","Legislation (N)"
"725","Efficiency",1995,6,"Legislation
(N documents)","Legislation (N)"
"726","Efficiency",1996,10,"Legislation
(N documents)","Legislation (N)"
"727","Efficiency",1997,10,"Legislation
(N documents)","Legislation (N)"
"728","Efficiency",1998,9,"Legislation
(N documents)","Legislation (N)"
"729","Efficiency",1999,4,"Legislation
(N documents)","Legislation (N)"
"730","Efficiency",2000,12,"Legislation
(N documents)","Legislation (N)"
"731","Efficiency",2001,11,"Legislation
(N documents)","Legislation (N)"
"732","Efficiency",2002,22,"Legislation
(N documents)","Legislation (N)"
"733","Efficiency",2003,12,"Legislation
(N documents)","Legislation (N)"
"734","Efficiency",2004,13,"Legislation
(N documents)","Legislation (N)"
"735","Efficiency",2005,11,"Legislation
(N documents)","Legislation (N)"
"736","Efficiency",2006,13,"Legislation
(N documents)","Legislation (N)"
"737","Efficiency",2007,26,"Legislation
(N documents)","Legislation (N)"
"738","Efficiency",2008,25,"Legislation
(N documents)","Legislation (N)"
"739","Efficiency",2009,31,"Legislation
(N documents)","Legislation (N)"
"740","Efficiency",2010,31,"Legislation
(N documents)","Legislation (N)"
"741","Efficiency",2011,36,"Legislation
(N documents)","Legislation (N)"
"742","Efficiency",2012,28,"Legislation
(N documents)","Legislation (N)"
"743","Efficiency",2013,44,"Legislation
(N documents)","Legislation (N)"
"744","Efficiency",2014,51,"Legislation
(N documents)","Legislation (N)"
"745","Efficiency",2015,68,"Legislation
(N documents)","Legislation (N)"
"746","Efficiency",2016,36,"Legislation
(N documents)","Legislation (N)"
"747","Efficiency",2017,50,"Legislation
(N documents)","Legislation (N)"
"748","Efficiency",2018,39,"Legislation
(N documents)","Legislation (N)"
"749","Efficiency",2019,47,"Legislation
(N documents)","Legislation (N)"
"750","Efficiency",2020,32,"Legislation
(N documents)","Legislation (N)"
"751","Efficiency",2021,47,"Legislation
(N documents)","Legislation (N)"
"752","Efficiency",2022,37,"Legislation
(N documents)","Legislation (N)"
"753","Efficiency",2023,37,"Legislation
(N documents)","Legislation (N)"
"754","Efficiency",2024,22,"Legislation
(N documents)","Legislation (N)"
"755","MRE-Bio",1980,1,"Legislation
(N documents)","Legislation (N)"
"756","MRE-Bio",1991,1,"Legislation
(N documents)","Legislation (N)"
"757","MRE-Bio",1998,1,"Legislation
(N documents)","Legislation (N)"
"758","MRE-Bio",2000,1,"Legislation
(N documents)","Legislation (N)"
"759","MRE-Bio",2010,1,"Legislation
(N documents)","Legislation (N)"
"760","MRE-Bio",2013,1,"Legislation
(N documents)","Legislation (N)"
"761","MRE-Bio",2016,1,"Legislation
(N documents)","Legislation (N)"
"762","MRE-Bio",2017,1,"Legislation
(N documents)","Legislation (N)"
"763","MRE-Bio",2024,1,"Legislation
(N documents)","Legislation (N)"
"764","MRE-Located",1976,2,"Legislation
(N documents)","Legislation (N)"
"765","MRE-Located",1977,2,"Legislation
(N documents)","Legislation (N)"
"766","MRE-Located",1978,2,"Legislation
(N documents)","Legislation (N)"
"767","MRE-Located",1979,1,"Legislation
(N documents)","Legislation (N)"
"768","MRE-Located",1980,5,"Legislation
(N documents)","Legislation (N)"
"769","MRE-Located",1981,6,"Legislation
(N documents)","Legislation (N)"
"770","MRE-Located",1982,1,"Legislation
(N documents)","Legislation (N)"
"771","MRE-Located",1983,1,"Legislation
(N documents)","Legislation (N)"
"772","MRE-Located",1984,1,"Legislation
(N documents)","Legislation (N)"
"773","MRE-Located",1985,2,"Legislation
(N documents)","Legislation (N)"
"774","MRE-Located",1987,3,"Legislation
(N documents)","Legislation (N)"
"775","MRE-Located",1989,2,"Legislation
(N documents)","Legislation (N)"
"776","MRE-Located",1990,7,"Legislation
(N documents)","Legislation (N)"
"777","MRE-Located",1991,3,"Legislation
(N documents)","Legislation (N)"
"778","MRE-Located",1992,5,"Legislation
(N documents)","Legislation (N)"
"779","MRE-Located",1993,2,"Legislation
(N documents)","Legislation (N)"
"780","MRE-Located",1994,4,"Legislation
(N documents)","Legislation (N)"
"781","MRE-Located",1995,7,"Legislation
(N documents)","Legislation (N)"
"782","MRE-Located",1996,5,"Legislation
(N documents)","Legislation (N)"
"783","MRE-Located",1997,10,"Legislation
(N documents)","Legislation (N)"
"784","MRE-Located",1998,12,"Legislation
(N documents)","Legislation (N)"
"785","MRE-Located",1999,10,"Legislation
(N documents)","Legislation (N)"
"786","MRE-Located",2000,17,"Legislation
(N documents)","Legislation (N)"
"787","MRE-Located",2001,16,"Legislation
(N documents)","Legislation (N)"
"788","MRE-Located",2002,23,"Legislation
(N documents)","Legislation (N)"
"789","MRE-Located",2003,13,"Legislation
(N documents)","Legislation (N)"
"790","MRE-Located",2004,6,"Legislation
(N documents)","Legislation (N)"
"791","MRE-Located",2005,12,"Legislation
(N documents)","Legislation (N)"
"792","MRE-Located",2006,12,"Legislation
(N documents)","Legislation (N)"
"793","MRE-Located",2007,18,"Legislation
(N documents)","Legislation (N)"
"794","MRE-Located",2008,18,"Legislation
(N documents)","Legislation (N)"
"795","MRE-Located",2009,24,"Legislation
(N documents)","Legislation (N)"
"796","MRE-Located",2010,28,"Legislation
(N documents)","Legislation (N)"
"797","MRE-Located",2011,17,"Legislation
(N documents)","Legislation (N)"
"798","MRE-Located",2012,15,"Legislation
(N documents)","Legislation (N)"
"799","MRE-Located",2013,33,"Legislation
(N documents)","Legislation (N)"
"800","MRE-Located",2014,33,"Legislation
(N documents)","Legislation (N)"
"801","MRE-Located",2015,38,"Legislation
(N documents)","Legislation (N)"
"802","MRE-Located",2016,33,"Legislation
(N documents)","Legislation (N)"
"803","MRE-Located",2017,24,"Legislation
(N documents)","Legislation (N)"
"804","MRE-Located",2018,31,"Legislation
(N documents)","Legislation (N)"
"805","MRE-Located",2019,37,"Legislation
(N documents)","Legislation (N)"
"806","MRE-Located",2020,23,"Legislation
(N documents)","Legislation (N)"
"807","MRE-Located",2021,32,"Legislation
(N documents)","Legislation (N)"
"808","MRE-Located",2022,20,"Legislation
(N documents)","Legislation (N)"
"809","MRE-Located",2023,18,"Legislation
(N documents)","Legislation (N)"
"810","MRE-Located",2024,16,"Legislation
(N documents)","Legislation (N)"
"811","MRE-Ocean",1976,12,"Legislation
(N documents)","Legislation (N)"
"812","MRE-Ocean",1977,8,"Legislation
(N documents)","Legislation (N)"
"813","MRE-Ocean",1978,6,"Legislation
(N documents)","Legislation (N)"
"814","MRE-Ocean",1979,8,"Legislation
(N documents)","Legislation (N)"
"815","MRE-Ocean",1980,6,"Legislation
(N documents)","Legislation (N)"
"816","MRE-Ocean",1981,7,"Legislation
(N documents)","Legislation (N)"
"817","MRE-Ocean",1982,7,"Legislation
(N documents)","Legislation (N)"
"818","MRE-Ocean",1983,7,"Legislation
(N documents)","Legislation (N)"
"819","MRE-Ocean",1984,5,"Legislation
(N documents)","Legislation (N)"
"820","MRE-Ocean",1985,4,"Legislation
(N documents)","Legislation (N)"
"821","MRE-Ocean",1986,4,"Legislation
(N documents)","Legislation (N)"
"822","MRE-Ocean",1987,9,"Legislation
(N documents)","Legislation (N)"
"823","MRE-Ocean",1988,8,"Legislation
(N documents)","Legislation (N)"
"824","MRE-Ocean",1989,8,"Legislation
(N documents)","Legislation (N)"
"825","MRE-Ocean",1990,8,"Legislation
(N documents)","Legislation (N)"
"826","MRE-Ocean",1991,17,"Legislation
(N documents)","Legislation (N)"
"827","MRE-Ocean",1992,10,"Legislation
(N documents)","Legislation (N)"
"828","MRE-Ocean",1993,9,"Legislation
(N documents)","Legislation (N)"
"829","MRE-Ocean",1994,20,"Legislation
(N documents)","Legislation (N)"
"830","MRE-Ocean",1995,23,"Legislation
(N documents)","Legislation (N)"
"831","MRE-Ocean",1996,15,"Legislation
(N documents)","Legislation (N)"
"832","MRE-Ocean",1997,21,"Legislation
(N documents)","Legislation (N)"
"833","MRE-Ocean",1998,21,"Legislation
(N documents)","Legislation (N)"
"834","MRE-Ocean",1999,16,"Legislation
(N documents)","Legislation (N)"
"835","MRE-Ocean",2000,18,"Legislation
(N documents)","Legislation (N)"
"836","MRE-Ocean",2001,22,"Legislation
(N documents)","Legislation (N)"
"837","MRE-Ocean",2002,22,"Legislation
(N documents)","Legislation (N)"
"838","MRE-Ocean",2003,27,"Legislation
(N documents)","Legislation (N)"
"839","MRE-Ocean",2004,32,"Legislation
(N documents)","Legislation (N)"
"840","MRE-Ocean",2005,29,"Legislation
(N documents)","Legislation (N)"
"841","MRE-Ocean",2006,38,"Legislation
(N documents)","Legislation (N)"
"842","MRE-Ocean",2007,43,"Legislation
(N documents)","Legislation (N)"
"843","MRE-Ocean",2008,55,"Legislation
(N documents)","Legislation (N)"
"844","MRE-Ocean",2009,37,"Legislation
(N documents)","Legislation (N)"
"845","MRE-Ocean",2010,40,"Legislation
(N documents)","Legislation (N)"
"846","MRE-Ocean",2011,37,"Legislation
(N documents)","Legislation (N)"
"847","MRE-Ocean",2012,34,"Legislation
(N documents)","Legislation (N)"
"848","MRE-Ocean",2013,33,"Legislation
(N documents)","Legislation (N)"
"849","MRE-Ocean",2014,43,"Legislation
(N documents)","Legislation (N)"
"850","MRE-Ocean",2015,47,"Legislation
(N documents)","Legislation (N)"
"851","MRE-Ocean",2016,29,"Legislation
(N documents)","Legislation (N)"
"852","MRE-Ocean",2017,31,"Legislation
(N documents)","Legislation (N)"
"853","MRE-Ocean",2018,39,"Legislation
(N documents)","Legislation (N)"
"854","MRE-Ocean",2019,41,"Legislation
(N documents)","Legislation (N)"
"855","MRE-Ocean",2020,16,"Legislation
(N documents)","Legislation (N)"
"856","MRE-Ocean",2021,24,"Legislation
(N documents)","Legislation (N)"
"857","MRE-Ocean",2022,24,"Legislation
(N documents)","Legislation (N)"
"858","MRE-Ocean",2023,17,"Legislation
(N documents)","Legislation (N)"
"859","MRE-Ocean",2024,8,"Legislation
(N documents)","Legislation (N)"
"860","CCS",2010,1,"Action
(scaled metric)","Storage capacity (Mt)"
"861","CCS",2012,1,"Action
(scaled metric)","Storage capacity (Mt)"
"862","CCS",2013,1,"Action
(scaled metric)","Storage capacity (Mt)"
"863","CCS",2014,10,"Action
(scaled metric)","Storage capacity (Mt)"
"864","CCS",2015,4,"Action
(scaled metric)","Storage capacity (Mt)"
"865","CCS",2016,1,"Action
(scaled metric)","Storage capacity (Mt)"
"866","CCS",2018,NA,"Action
(scaled metric)","Storage capacity (Mt)"
"867","CCS",2019,1,"Action
(scaled metric)","Storage capacity (Mt)"
"868","CCS",2020,1,"Action
(scaled metric)","Storage capacity (Mt)"
"869","CCS",2021,1,"Action
(scaled metric)","Storage capacity (Mt)"
"870","CCS",2022,1,"Action
(scaled metric)","Storage capacity (Mt)"
"871","CCS",2023,1,"Action
(scaled metric)","Storage capacity (Mt)"
"872","CCS",2024,1,"Action
(scaled metric)","Storage capacity (Mt)"
"873","CDR-BC",1930,NA,"Action
(scaled metric)","BC restoration projects (N)"
"874","CDR-BC",1940,NA,"Action
(scaled metric)","BC restoration projects (N)"
"875","CDR-BC",1943,NA,"Action
(scaled metric)","BC restoration projects (N)"
"876","CDR-BC",1947,NA,"Action
(scaled metric)","BC restoration projects (N)"
"877","CDR-BC",1957,NA,"Action
(scaled metric)","BC restoration projects (N)"
"878","CDR-BC",1968,NA,"Action
(scaled metric)","BC restoration projects (N)"
"879","CDR-BC",1969,1,"Action
(scaled metric)","BC restoration projects (N)"
"880","CDR-BC",1970,NA,"Action
(scaled metric)","BC restoration projects (N)"
"881","CDR-BC",1972,4,"Action
(scaled metric)","BC restoration projects (N)"
"882","CDR-BC",1973,1,"Action
(scaled metric)","BC restoration projects (N)"
"883","CDR-BC",1974,1,"Action
(scaled metric)","BC restoration projects (N)"
"884","CDR-BC",1975,1,"Action
(scaled metric)","BC restoration projects (N)"
"885","CDR-BC",1976,1,"Action
(scaled metric)","BC restoration projects (N)"
"886","CDR-BC",1977,1,"Action
(scaled metric)","BC restoration projects (N)"
"887","CDR-BC",1978,1,"Action
(scaled metric)","BC restoration projects (N)"
"888","CDR-BC",1979,1,"Action
(scaled metric)","BC restoration projects (N)"
"889","CDR-BC",1980,3,"Action
(scaled metric)","BC restoration projects (N)"
"890","CDR-BC",1981,2,"Action
(scaled metric)","BC restoration projects (N)"
"891","CDR-BC",1982,2,"Action
(scaled metric)","BC restoration projects (N)"
"892","CDR-BC",1983,2,"Action
(scaled metric)","BC restoration projects (N)"
"893","CDR-BC",1984,3,"Action
(scaled metric)","BC restoration projects (N)"
"894","CDR-BC",1985,2,"Action
(scaled metric)","BC restoration projects (N)"
"895","CDR-BC",1986,4,"Action
(scaled metric)","BC restoration projects (N)"
"896","CDR-BC",1987,5,"Action
(scaled metric)","BC restoration projects (N)"
"897","CDR-BC",1988,3,"Action
(scaled metric)","BC restoration projects (N)"
"898","CDR-BC",1989,4,"Action
(scaled metric)","BC restoration projects (N)"
"899","CDR-BC",1990,6,"Action
(scaled metric)","BC restoration projects (N)"
"900","CDR-BC",1991,4,"Action
(scaled metric)","BC restoration projects (N)"
"901","CDR-BC",1992,10,"Action
(scaled metric)","BC restoration projects (N)"
"902","CDR-BC",1993,6,"Action
(scaled metric)","BC restoration projects (N)"
"903","CDR-BC",1994,8,"Action
(scaled metric)","BC restoration projects (N)"
"904","CDR-BC",1995,6,"Action
(scaled metric)","BC restoration projects (N)"
"905","CDR-BC",1996,5,"Action
(scaled metric)","BC restoration projects (N)"
"906","CDR-BC",1997,6,"Action
(scaled metric)","BC restoration projects (N)"
"907","CDR-BC",1998,5,"Action
(scaled metric)","BC restoration projects (N)"
"908","CDR-BC",1999,9,"Action
(scaled metric)","BC restoration projects (N)"
"909","CDR-BC",2000,5,"Action
(scaled metric)","BC restoration projects (N)"
"910","CDR-BC",2001,5,"Action
(scaled metric)","BC restoration projects (N)"
"911","CDR-BC",2002,3,"Action
(scaled metric)","BC restoration projects (N)"
"912","CDR-BC",2003,10,"Action
(scaled metric)","BC restoration projects (N)"
"913","CDR-BC",2004,6,"Action
(scaled metric)","BC restoration projects (N)"
"914","CDR-BC",2005,9,"Action
(scaled metric)","BC restoration projects (N)"
"915","CDR-BC",2006,6,"Action
(scaled metric)","BC restoration projects (N)"
"916","CDR-BC",2007,5,"Action
(scaled metric)","BC restoration projects (N)"
"917","CDR-BC",2008,3,"Action
(scaled metric)","BC restoration projects (N)"
"918","CDR-BC",2009,4,"Action
(scaled metric)","BC restoration projects (N)"
"919","CDR-BC",2010,4,"Action
(scaled metric)","BC restoration projects (N)"
"920","CDR-BC",2011,1,"Action
(scaled metric)","BC restoration projects (N)"
"921","CDR-BC",2012,3,"Action
(scaled metric)","BC restoration projects (N)"
"922","CDR-BC",2013,1,"Action
(scaled metric)","BC restoration projects (N)"
"923","CDR-BC",2014,3,"Action
(scaled metric)","BC restoration projects (N)"
"924","CDR-BC",2015,NA,"Action
(scaled metric)","BC restoration projects (N)"
"925","CDR-BC",2016,1,"Action
(scaled metric)","BC restoration projects (N)"
"926","CDR-BioPump",1979,NA,"Action
(scaled metric)","Field trial/startup company (N)"
"927","CDR-BioPump",2004,NA,"Action
(scaled metric)","Field trial/startup company (N)"
"928","CDR-BioPump",2006,5,"Action
(scaled metric)","Field trial/startup company (N)"
"929","CDR-BioPump",2007,NA,"Action
(scaled metric)","Field trial/startup company (N)"
"930","CDR-BioPump",2009,NA,"Action
(scaled metric)","Field trial/startup company (N)"
"931","CDR-BioPump",2012,NA,"Action
(scaled metric)","Field trial/startup company (N)"
"932","CDR-BioPump",2017,NA,"Action
(scaled metric)","Field trial/startup company (N)"
"933","CDR-BioPump",2018,10,"Action
(scaled metric)","Field trial/startup company (N)"
"934","CDR-BioPump",2019,5,"Action
(scaled metric)","Field trial/startup company (N)"
"935","CDR-BioPump",2020,5,"Action
(scaled metric)","Field trial/startup company (N)"
"936","CDR-BioPump",2021,NA,"Action
(scaled metric)","Field trial/startup company (N)"
"937","CDR-BioPump",2022,5,"Action
(scaled metric)","Field trial/startup company (N)"
"938","CDR-BioPump",2024,NA,"Action
(scaled metric)","Field trial/startup company (N)"
"939","CDR-Cult",1994,NA,"Action
(scaled metric)","Field trial/startup company (N)"
"940","CDR-Cult",2005,NA,"Action
(scaled metric)","Field trial/startup company (N)"
"941","CDR-Cult",2008,NA,"Action
(scaled metric)","Field trial/startup company (N)"
"942","CDR-Cult",2009,NA,"Action
(scaled metric)","Field trial/startup company (N)"
"943","CDR-Cult",2011,NA,"Action
(scaled metric)","Field trial/startup company (N)"
"944","CDR-Cult",2012,1,"Action
(scaled metric)","Field trial/startup company (N)"
"945","CDR-Cult",2013,NA,"Action
(scaled metric)","Field trial/startup company (N)"
"946","CDR-Cult",2014,NA,"Action
(scaled metric)","Field trial/startup company (N)"
"947","CDR-Cult",2016,2,"Action
(scaled metric)","Field trial/startup company (N)"
"948","CDR-Cult",2017,2,"Action
(scaled metric)","Field trial/startup company (N)"
"949","CDR-Cult",2018,2,"Action
(scaled metric)","Field trial/startup company (N)"
"950","CDR-Cult",2019,2,"Action
(scaled metric)","Field trial/startup company (N)"
"951","CDR-Cult",2020,6,"Action
(scaled metric)","Field trial/startup company (N)"
"952","CDR-Cult",2021,10,"Action
(scaled metric)","Field trial/startup company (N)"
"953","CDR-Cult",2022,7,"Action
(scaled metric)","Field trial/startup company (N)"
"954","CDR-Cult",2023,7,"Action
(scaled metric)","Field trial/startup company (N)"
"955","CDR-Cult",2024,3,"Action
(scaled metric)","Field trial/startup company (N)"
"956","CDR-OAE",2012,NA,"Action
(scaled metric)","Field trial/startup company (N)"
"957","CDR-OAE",2019,1,"Action
(scaled metric)","Field trial/startup company (N)"
"958","CDR-OAE",2020,NA,"Action
(scaled metric)","Field trial/startup company (N)"
"959","CDR-OAE",2021,4,"Action
(scaled metric)","Field trial/startup company (N)"
"960","CDR-OAE",2022,8,"Action
(scaled metric)","Field trial/startup company (N)"
"961","CDR-OAE",2023,10,"Action
(scaled metric)","Field trial/startup company (N)"
"962","CDR-OAE",2024,6,"Action
(scaled metric)","Field trial/startup company (N)"
"963","Efficiency",2000,2,"Action
(scaled metric)","Shipping carbon efficiency (tkm/gCO2)"
"964","Efficiency",2001,1,"Action
(scaled metric)","Shipping carbon efficiency (tkm/gCO2)"
"965","Efficiency",2002,2,"Action
(scaled metric)","Shipping carbon efficiency (tkm/gCO2)"
"966","Efficiency",2003,1,"Action
(scaled metric)","Shipping carbon efficiency (tkm/gCO2)"
"967","Efficiency",2004,1,"Action
(scaled metric)","Shipping carbon efficiency (tkm/gCO2)"
"968","Efficiency",2005,1,"Action
(scaled metric)","Shipping carbon efficiency (tkm/gCO2)"
"969","Efficiency",2006,NA,"Action
(scaled metric)","Shipping carbon efficiency (tkm/gCO2)"
"970","Efficiency",2007,1,"Action
(scaled metric)","Shipping carbon efficiency (tkm/gCO2)"
"971","Efficiency",2008,2,"Action
(scaled metric)","Shipping carbon efficiency (tkm/gCO2)"
"972","Efficiency",2009,1,"Action
(scaled metric)","Shipping carbon efficiency (tkm/gCO2)"
"973","Efficiency",2010,1,"Action
(scaled metric)","Shipping carbon efficiency (tkm/gCO2)"
"974","Efficiency",2011,2,"Action
(scaled metric)","Shipping carbon efficiency (tkm/gCO2)"
"975","Efficiency",2012,4,"Action
(scaled metric)","Shipping carbon efficiency (tkm/gCO2)"
"976","Efficiency",2013,5,"Action
(scaled metric)","Shipping carbon efficiency (tkm/gCO2)"
"977","Efficiency",2014,6,"Action
(scaled metric)","Shipping carbon efficiency (tkm/gCO2)"
"978","Efficiency",2015,6,"Action
(scaled metric)","Shipping carbon efficiency (tkm/gCO2)"
"979","Efficiency",2016,6,"Action
(scaled metric)","Shipping carbon efficiency (tkm/gCO2)"
"980","Efficiency",2017,6,"Action
(scaled metric)","Shipping carbon efficiency (tkm/gCO2)"
"981","Efficiency",2018,5,"Action
(scaled metric)","Shipping carbon efficiency (tkm/gCO2)"
"982","Efficiency",2019,5,"Action
(scaled metric)","Shipping carbon efficiency (tkm/gCO2)"
"983","Efficiency",2020,8,"Action
(scaled metric)","Shipping carbon efficiency (tkm/gCO2)"
"984","Efficiency",2021,10,"Action
(scaled metric)","Shipping carbon efficiency (tkm/gCO2)"
"985","MRE-Located",2000,NA,"Action
(scaled metric)","Electricity Installed Capacity (MW)"
"986","MRE-Located",2001,1,"Action
(scaled metric)","Electricity Installed Capacity (MW)"
"987","MRE-Located",2002,1,"Action
(scaled metric)","Electricity Installed Capacity (MW)"
"988","MRE-Located",2003,1,"Action
(scaled metric)","Electricity Installed Capacity (MW)"
"989","MRE-Located",2004,1,"Action
(scaled metric)","Electricity Installed Capacity (MW)"
"990","MRE-Located",2005,1,"Action
(scaled metric)","Electricity Installed Capacity (MW)"
"991","MRE-Located",2006,1,"Action
(scaled metric)","Electricity Installed Capacity (MW)"
"992","MRE-Located",2007,1,"Action
(scaled metric)","Electricity Installed Capacity (MW)"
"993","MRE-Located",2008,1,"Action
(scaled metric)","Electricity Installed Capacity (MW)"
"994","MRE-Located",2009,1,"Action
(scaled metric)","Electricity Installed Capacity (MW)"
"995","MRE-Located",2010,1,"Action
(scaled metric)","Electricity Installed Capacity (MW)"
"996","MRE-Located",2011,1,"Action
(scaled metric)","Electricity Installed Capacity (MW)"
"997","MRE-Located",2012,1,"Action
(scaled metric)","Electricity Installed Capacity (MW)"
"998","MRE-Located",2013,1,"Action
(scaled metric)","Electricity Installed Capacity (MW)"
"999","MRE-Located",2014,2,"Action
(scaled metric)","Electricity Installed Capacity (MW)"
"1000","MRE-Located",2015,2,"Action
(scaled metric)","Electricity Installed Capacity (MW)"
"1001","MRE-Located",2016,2,"Action
(scaled metric)","Electricity Installed Capacity (MW)"
"1002","MRE-Located",2017,3,"Action
(scaled metric)","Electricity Installed Capacity (MW)"
"1003","MRE-Located",2018,4,"Action
(scaled metric)","Electricity Installed Capacity (MW)"
"1004","MRE-Located",2019,4,"Action
(scaled metric)","Electricity Installed Capacity (MW)"
"1005","MRE-Located",2020,5,"Action
(scaled metric)","Electricity Installed Capacity (MW)"
"1006","MRE-Located",2021,8,"Action
(scaled metric)","Electricity Installed Capacity (MW)"
"1007","MRE-Located",2022,9,"Action
(scaled metric)","Electricity Installed Capacity (MW)"
"1008","MRE-Located",2023,10,"Action
(scaled metric)","Electricity Installed Capacity (MW)"
"1009","MRE-Ocean",2000,NA,"Action
(scaled metric)","Electricity Installed Capacity (MW)"
"1010","MRE-Ocean",2001,1,"Action
(scaled metric)","Electricity Installed Capacity (MW)"
"1011","MRE-Ocean",2002,1,"Action
(scaled metric)","Electricity Installed Capacity (MW)"
"1012","MRE-Ocean",2003,1,"Action
(scaled metric)","Electricity Installed Capacity (MW)"
"1013","MRE-Ocean",2004,1,"Action
(scaled metric)","Electricity Installed Capacity (MW)"
"1014","MRE-Ocean",2005,1,"Action
(scaled metric)","Electricity Installed Capacity (MW)"
"1015","MRE-Ocean",2006,1,"Action
(scaled metric)","Electricity Installed Capacity (MW)"
"1016","MRE-Ocean",2007,1,"Action
(scaled metric)","Electricity Installed Capacity (MW)"
"1017","MRE-Ocean",2008,1,"Action
(scaled metric)","Electricity Installed Capacity (MW)"
"1018","MRE-Ocean",2009,1,"Action
(scaled metric)","Electricity Installed Capacity (MW)"
"1019","MRE-Ocean",2010,1,"Action
(scaled metric)","Electricity Installed Capacity (MW)"
"1020","MRE-Ocean",2011,1,"Action
(scaled metric)","Electricity Installed Capacity (MW)"
"1021","MRE-Ocean",2012,1,"Action
(scaled metric)","Electricity Installed Capacity (MW)"
"1022","MRE-Ocean",2013,10,"Action
(scaled metric)","Electricity Installed Capacity (MW)"
"1023","MRE-Ocean",2014,10,"Action
(scaled metric)","Electricity Installed Capacity (MW)"
"1024","MRE-Ocean",2015,10,"Action
(scaled metric)","Electricity Installed Capacity (MW)"
"1025","MRE-Ocean",2016,10,"Action
(scaled metric)","Electricity Installed Capacity (MW)"
"1026","MRE-Ocean",2017,10,"Action
(scaled metric)","Electricity Installed Capacity (MW)"
"1027","MRE-Ocean",2018,10,"Action
(scaled metric)","Electricity Installed Capacity (MW)"
"1028","MRE-Ocean",2019,10,"Action
(scaled metric)","Electricity Installed Capacity (MW)"
"1029","MRE-Ocean",2020,10,"Action
(scaled metric)","Electricity Installed Capacity (MW)"
"1030","MRE-Ocean",2021,10,"Action
(scaled metric)","Electricity Installed Capacity (MW)"
"1031","MRE-Ocean",2022,10,"Action
(scaled metric)","Electricity Installed Capacity (MW)"
"1032","MRE-Ocean",2023,10,"Action
(scaled metric)","Electricity Installed Capacity (MW)"
