"oro_type","term","project","language","article","access","agent","granularity","date","views","year"
"CCS","Direct deep-sea carbon dioxide injection","wikipedia","en","Direct_deep-sea_carbon_dioxide_injection","all-access","all-agents","monthly",2022-11-01,79,"2022"
"CCS","Direct deep-sea carbon dioxide injection","wikipedia","en","Direct_deep-sea_carbon_dioxide_injection","all-access","all-agents","monthly",2022-12-01,151,"2022"
"CCS","Direct deep-sea carbon dioxide injection","wikipedia","en","Direct_deep-sea_carbon_dioxide_injection","all-access","all-agents","monthly",2023-01-01,132,"2023"
"CCS","Direct deep-sea carbon dioxide injection","wikipedia","en","Direct_deep-sea_carbon_dioxide_injection","all-access","all-agents","monthly",2023-02-01,303,"2023"
"CCS","Direct deep-sea carbon dioxide injection","wikipedia","en","Direct_deep-sea_carbon_dioxide_injection","all-access","all-agents","monthly",2023-03-01,442,"2023"
"CCS","Direct deep-sea carbon dioxide injection","wikipedia","en","Direct_deep-sea_carbon_dioxide_injection","all-access","all-agents","monthly",2023-04-01,390,"2023"
"CCS","Direct deep-sea carbon dioxide injection","wikipedia","en","Direct_deep-sea_carbon_dioxide_injection","all-access","all-agents","monthly",2023-05-01,416,"2023"
"CCS","Direct deep-sea carbon dioxide injection","wikipedia","en","Direct_deep-sea_carbon_dioxide_injection","all-access","all-agents","monthly",2023-06-01,391,"2023"
"CCS","Direct deep-sea carbon dioxide injection","wikipedia","en","Direct_deep-sea_carbon_dioxide_injection","all-access","all-agents","monthly",2023-07-01,447,"2023"
"CCS","Direct deep-sea carbon dioxide injection","wikipedia","en","Direct_deep-sea_carbon_dioxide_injection","all-access","all-agents","monthly",2023-08-01,507,"2023"
"CCS","Direct deep-sea carbon dioxide injection","wikipedia","en","Direct_deep-sea_carbon_dioxide_injection","all-access","all-agents","monthly",2023-09-01,436,"2023"
"CCS","Direct deep-sea carbon dioxide injection","wikipedia","en","Direct_deep-sea_carbon_dioxide_injection","all-access","all-agents","monthly",2023-10-01,571,"2023"
"CCS","Direct deep-sea carbon dioxide injection","wikipedia","en","Direct_deep-sea_carbon_dioxide_injection","all-access","all-agents","monthly",2023-11-01,458,"2023"
"CCS","Direct deep-sea carbon dioxide injection","wikipedia","en","Direct_deep-sea_carbon_dioxide_injection","all-access","all-agents","monthly",2023-12-01,401,"2023"
"CCS","Direct deep-sea carbon dioxide injection","wikipedia","en","Direct_deep-sea_carbon_dioxide_injection","all-access","all-agents","monthly",2024-01-01,578,"2024"
"CCS","Direct deep-sea carbon dioxide injection","wikipedia","en","Direct_deep-sea_carbon_dioxide_injection","all-access","all-agents","monthly",2024-02-01,492,"2024"
"CCS","Direct deep-sea carbon dioxide injection","wikipedia","en","Direct_deep-sea_carbon_dioxide_injection","all-access","all-agents","monthly",2024-03-01,419,"2024"
"CCS","Direct deep-sea carbon dioxide injection","wikipedia","en","Direct_deep-sea_carbon_dioxide_injection","all-access","all-agents","monthly",2024-04-01,354,"2024"
"CCS","Direct deep-sea carbon dioxide injection","wikipedia","en","Direct_deep-sea_carbon_dioxide_injection","all-access","all-agents","monthly",2024-05-01,344,"2024"
"CCS","Direct deep-sea carbon dioxide injection","wikipedia","en","Direct_deep-sea_carbon_dioxide_injection","all-access","all-agents","monthly",2024-06-01,352,"2024"
"CCS","Direct deep-sea carbon dioxide injection","wikipedia","en","Direct_deep-sea_carbon_dioxide_injection","all-access","all-agents","monthly",2024-07-01,394,"2024"
"CCS","Direct deep-sea carbon dioxide injection","wikipedia","en","Direct_deep-sea_carbon_dioxide_injection","all-access","all-agents","monthly",2024-08-01,361,"2024"
"CCS","Direct deep-sea carbon dioxide injection","wikipedia","en","Direct_deep-sea_carbon_dioxide_injection","all-access","all-agents","monthly",2024-09-01,353,"2024"
"CCS","Direct deep-sea carbon dioxide injection","wikipedia","en","Direct_deep-sea_carbon_dioxide_injection","all-access","all-agents","monthly",2024-10-01,440,"2024"
"CCS","Direct deep-sea carbon dioxide injection","wikipedia","en","Direct_deep-sea_carbon_dioxide_injection","all-access","all-agents","monthly",2024-11-01,315,"2024"
"CCS","Direct deep-sea carbon dioxide injection","wikipedia","en","Direct_deep-sea_carbon_dioxide_injection","all-access","all-agents","monthly",2024-12-01,305,"2024"
"CDR BC","Blue carbon","wikipedia","en","Blue_carbon","all-access","all-agents","monthly",2015-10-01,1303,"2015"
"CDR BC","Blue carbon","wikipedia","en","Blue_carbon","all-access","all-agents","monthly",2015-11-01,1418,"2015"
"CDR BC","Blue carbon","wikipedia","en","Blue_carbon","all-access","all-agents","monthly",2015-12-01,1413,"2015"
"CDR BC","Blue carbon","wikipedia","en","Blue_carbon","all-access","all-agents","monthly",2016-01-01,1394,"2016"
"CDR BC","Blue carbon","wikipedia","en","Blue_carbon","all-access","all-agents","monthly",2016-02-01,1303,"2016"
"CDR BC","Blue carbon","wikipedia","en","Blue_carbon","all-access","all-agents","monthly",2016-03-01,2125,"2016"
"CDR BC","Blue carbon","wikipedia","en","Blue_carbon","all-access","all-agents","monthly",2016-04-01,1643,"2016"
"CDR BC","Blue carbon","wikipedia","en","Blue_carbon","all-access","all-agents","monthly",2016-05-01,1650,"2016"
"CDR BC","Blue carbon","wikipedia","en","Blue_carbon","all-access","all-agents","monthly",2016-06-01,1861,"2016"
"CDR BC","Blue carbon","wikipedia","en","Blue_carbon","all-access","all-agents","monthly",2016-07-01,2671,"2016"
"CDR BC","Blue carbon","wikipedia","en","Blue_carbon","all-access","all-agents","monthly",2016-08-01,1938,"2016"
"CDR BC","Blue carbon","wikipedia","en","Blue_carbon","all-access","all-agents","monthly",2016-09-01,1436,"2016"
"CDR BC","Blue carbon","wikipedia","en","Blue_carbon","all-access","all-agents","monthly",2016-10-01,1573,"2016"
"CDR BC","Blue carbon","wikipedia","en","Blue_carbon","all-access","all-agents","monthly",2016-11-01,1688,"2016"
"CDR BC","Blue carbon","wikipedia","en","Blue_carbon","all-access","all-agents","monthly",2016-12-01,1578,"2016"
"CDR BC","Blue carbon","wikipedia","en","Blue_carbon","all-access","all-agents","monthly",2017-01-01,1708,"2017"
"CDR BC","Blue carbon","wikipedia","en","Blue_carbon","all-access","all-agents","monthly",2017-02-01,1499,"2017"
"CDR BC","Blue carbon","wikipedia","en","Blue_carbon","all-access","all-agents","monthly",2017-03-01,2097,"2017"
"CDR BC","Blue carbon","wikipedia","en","Blue_carbon","all-access","all-agents","monthly",2017-04-01,2304,"2017"
"CDR BC","Blue carbon","wikipedia","en","Blue_carbon","all-access","all-agents","monthly",2017-05-01,2153,"2017"
"CDR BC","Blue carbon","wikipedia","en","Blue_carbon","all-access","all-agents","monthly",2017-06-01,2195,"2017"
"CDR BC","Blue carbon","wikipedia","en","Blue_carbon","all-access","all-agents","monthly",2017-07-01,1451,"2017"
"CDR BC","Blue carbon","wikipedia","en","Blue_carbon","all-access","all-agents","monthly",2017-08-01,1466,"2017"
"CDR BC","Blue carbon","wikipedia","en","Blue_carbon","all-access","all-agents","monthly",2017-09-01,1901,"2017"
"CDR BC","Blue carbon","wikipedia","en","Blue_carbon","all-access","all-agents","monthly",2017-10-01,1854,"2017"
"CDR BC","Blue carbon","wikipedia","en","Blue_carbon","all-access","all-agents","monthly",2017-11-01,2185,"2017"
"CDR BC","Blue carbon","wikipedia","en","Blue_carbon","all-access","all-agents","monthly",2017-12-01,1767,"2017"
"CDR BC","Blue carbon","wikipedia","en","Blue_carbon","all-access","all-agents","monthly",2018-01-01,1887,"2018"
"CDR BC","Blue carbon","wikipedia","en","Blue_carbon","all-access","all-agents","monthly",2018-02-01,1635,"2018"
"CDR BC","Blue carbon","wikipedia","en","Blue_carbon","all-access","all-agents","monthly",2018-03-01,1922,"2018"
"CDR BC","Blue carbon","wikipedia","en","Blue_carbon","all-access","all-agents","monthly",2018-04-01,1694,"2018"
"CDR BC","Blue carbon","wikipedia","en","Blue_carbon","all-access","all-agents","monthly",2018-05-01,2605,"2018"
"CDR BC","Blue carbon","wikipedia","en","Blue_carbon","all-access","all-agents","monthly",2018-06-01,1639,"2018"
"CDR BC","Blue carbon","wikipedia","en","Blue_carbon","all-access","all-agents","monthly",2018-07-01,1528,"2018"
"CDR BC","Blue carbon","wikipedia","en","Blue_carbon","all-access","all-agents","monthly",2018-08-01,1726,"2018"
"CDR BC","Blue carbon","wikipedia","en","Blue_carbon","all-access","all-agents","monthly",2018-09-01,1788,"2018"
"CDR BC","Blue carbon","wikipedia","en","Blue_carbon","all-access","all-agents","monthly",2018-10-01,2223,"2018"
"CDR BC","Blue carbon","wikipedia","en","Blue_carbon","all-access","all-agents","monthly",2018-11-01,2140,"2018"
"CDR BC","Blue carbon","wikipedia","en","Blue_carbon","all-access","all-agents","monthly",2018-12-01,2235,"2018"
"CDR BC","Blue carbon","wikipedia","en","Blue_carbon","all-access","all-agents","monthly",2019-01-01,2383,"2019"
"CDR BC","Blue carbon","wikipedia","en","Blue_carbon","all-access","all-agents","monthly",2019-02-01,1682,"2019"
"CDR BC","Blue carbon","wikipedia","en","Blue_carbon","all-access","all-agents","monthly",2019-03-01,2208,"2019"
"CDR BC","Blue carbon","wikipedia","en","Blue_carbon","all-access","all-agents","monthly",2019-04-01,2519,"2019"
"CDR BC","Blue carbon","wikipedia","en","Blue_carbon","all-access","all-agents","monthly",2019-05-01,2273,"2019"
"CDR BC","Blue carbon","wikipedia","en","Blue_carbon","all-access","all-agents","monthly",2019-06-01,1868,"2019"
"CDR BC","Blue carbon","wikipedia","en","Blue_carbon","all-access","all-agents","monthly",2019-07-01,2095,"2019"
"CDR BC","Blue carbon","wikipedia","en","Blue_carbon","all-access","all-agents","monthly",2019-08-01,2320,"2019"
"CDR BC","Blue carbon","wikipedia","en","Blue_carbon","all-access","all-agents","monthly",2019-09-01,2295,"2019"
"CDR BC","Blue carbon","wikipedia","en","Blue_carbon","all-access","all-agents","monthly",2019-10-01,2288,"2019"
"CDR BC","Blue carbon","wikipedia","en","Blue_carbon","all-access","all-agents","monthly",2019-11-01,1822,"2019"
"CDR BC","Blue carbon","wikipedia","en","Blue_carbon","all-access","all-agents","monthly",2019-12-01,4344,"2019"
"CDR BC","Blue carbon","wikipedia","en","Blue_carbon","all-access","all-agents","monthly",2020-01-01,4373,"2020"
"CDR BC","Blue carbon","wikipedia","en","Blue_carbon","all-access","all-agents","monthly",2020-02-01,2100,"2020"
"CDR BC","Blue carbon","wikipedia","en","Blue_carbon","all-access","all-agents","monthly",2020-03-01,1773,"2020"
"CDR BC","Blue carbon","wikipedia","en","Blue_carbon","all-access","all-agents","monthly",2020-04-01,1652,"2020"
"CDR BC","Blue carbon","wikipedia","en","Blue_carbon","all-access","all-agents","monthly",2020-05-01,1646,"2020"
"CDR BC","Blue carbon","wikipedia","en","Blue_carbon","all-access","all-agents","monthly",2020-06-01,1593,"2020"
"CDR BC","Blue carbon","wikipedia","en","Blue_carbon","all-access","all-agents","monthly",2020-07-01,1685,"2020"
"CDR BC","Blue carbon","wikipedia","en","Blue_carbon","all-access","all-agents","monthly",2020-08-01,1596,"2020"
"CDR BC","Blue carbon","wikipedia","en","Blue_carbon","all-access","all-agents","monthly",2020-09-01,1989,"2020"
"CDR BC","Blue carbon","wikipedia","en","Blue_carbon","all-access","all-agents","monthly",2020-10-01,2286,"2020"
"CDR BC","Blue carbon","wikipedia","en","Blue_carbon","all-access","all-agents","monthly",2020-11-01,2348,"2020"
"CDR BC","Blue carbon","wikipedia","en","Blue_carbon","all-access","all-agents","monthly",2020-12-01,2201,"2020"
"CDR BC","Blue carbon","wikipedia","en","Blue_carbon","all-access","all-agents","monthly",2021-01-01,2234,"2021"
"CDR BC","Blue carbon","wikipedia","en","Blue_carbon","all-access","all-agents","monthly",2021-02-01,2402,"2021"
"CDR BC","Blue carbon","wikipedia","en","Blue_carbon","all-access","all-agents","monthly",2021-03-01,2955,"2021"
"CDR BC","Blue carbon","wikipedia","en","Blue_carbon","all-access","all-agents","monthly",2021-04-01,3263,"2021"
"CDR BC","Blue carbon","wikipedia","en","Blue_carbon","all-access","all-agents","monthly",2021-05-01,2946,"2021"
"CDR BC","Blue carbon","wikipedia","en","Blue_carbon","all-access","all-agents","monthly",2021-06-01,2676,"2021"
"CDR BC","Blue carbon","wikipedia","en","Blue_carbon","all-access","all-agents","monthly",2021-07-01,2217,"2021"
"CDR BC","Blue carbon","wikipedia","en","Blue_carbon","all-access","all-agents","monthly",2021-08-01,2927,"2021"
"CDR BC","Blue carbon","wikipedia","en","Blue_carbon","all-access","all-agents","monthly",2021-09-01,2885,"2021"
"CDR BC","Blue carbon","wikipedia","en","Blue_carbon","all-access","all-agents","monthly",2021-10-01,6350,"2021"
"CDR BC","Blue carbon","wikipedia","en","Blue_carbon","all-access","all-agents","monthly",2021-11-01,4380,"2021"
"CDR BC","Blue carbon","wikipedia","en","Blue_carbon","all-access","all-agents","monthly",2021-12-01,3367,"2021"
"CDR BC","Blue carbon","wikipedia","en","Blue_carbon","all-access","all-agents","monthly",2022-01-01,3412,"2022"
"CDR BC","Blue carbon","wikipedia","en","Blue_carbon","all-access","all-agents","monthly",2022-02-01,3919,"2022"
"CDR BC","Blue carbon","wikipedia","en","Blue_carbon","all-access","all-agents","monthly",2022-03-01,4157,"2022"
"CDR BC","Blue carbon","wikipedia","en","Blue_carbon","all-access","all-agents","monthly",2022-04-01,3886,"2022"
"CDR BC","Blue carbon","wikipedia","en","Blue_carbon","all-access","all-agents","monthly",2022-05-01,4472,"2022"
"CDR BC","Blue carbon","wikipedia","en","Blue_carbon","all-access","all-agents","monthly",2022-06-01,3978,"2022"
"CDR BC","Blue carbon","wikipedia","en","Blue_carbon","all-access","all-agents","monthly",2022-07-01,3151,"2022"
"CDR BC","Blue carbon","wikipedia","en","Blue_carbon","all-access","all-agents","monthly",2022-08-01,3451,"2022"
"CDR BC","Blue carbon","wikipedia","en","Blue_carbon","all-access","all-agents","monthly",2022-09-01,3215,"2022"
"CDR BC","Blue carbon","wikipedia","en","Blue_carbon","all-access","all-agents","monthly",2022-10-01,3220,"2022"
"CDR BC","Blue carbon","wikipedia","en","Blue_carbon","all-access","all-agents","monthly",2022-11-01,4134,"2022"
"CDR BC","Blue carbon","wikipedia","en","Blue_carbon","all-access","all-agents","monthly",2022-12-01,2980,"2022"
"CDR BC","Blue carbon","wikipedia","en","Blue_carbon","all-access","all-agents","monthly",2023-01-01,5123,"2023"
"CDR BC","Blue carbon","wikipedia","en","Blue_carbon","all-access","all-agents","monthly",2023-02-01,3687,"2023"
"CDR BC","Blue carbon","wikipedia","en","Blue_carbon","all-access","all-agents","monthly",2023-03-01,4730,"2023"
"CDR BC","Blue carbon","wikipedia","en","Blue_carbon","all-access","all-agents","monthly",2023-04-01,3597,"2023"
"CDR BC","Blue carbon","wikipedia","en","Blue_carbon","all-access","all-agents","monthly",2023-05-01,4019,"2023"
"CDR BC","Blue carbon","wikipedia","en","Blue_carbon","all-access","all-agents","monthly",2023-06-01,4290,"2023"
"CDR BC","Blue carbon","wikipedia","en","Blue_carbon","all-access","all-agents","monthly",2023-07-01,3280,"2023"
"CDR BC","Blue carbon","wikipedia","en","Blue_carbon","all-access","all-agents","monthly",2023-08-01,3198,"2023"
"CDR BC","Blue carbon","wikipedia","en","Blue_carbon","all-access","all-agents","monthly",2023-09-01,2880,"2023"
"CDR BC","Blue carbon","wikipedia","en","Blue_carbon","all-access","all-agents","monthly",2023-10-01,3023,"2023"
"CDR BC","Blue carbon","wikipedia","en","Blue_carbon","all-access","all-agents","monthly",2023-11-01,3636,"2023"
"CDR BC","Blue carbon","wikipedia","en","Blue_carbon","all-access","all-agents","monthly",2023-12-01,3301,"2023"
"CDR BC","Blue carbon","wikipedia","en","Blue_carbon","all-access","all-agents","monthly",2024-01-01,3107,"2024"
"CDR BC","Blue carbon","wikipedia","en","Blue_carbon","all-access","all-agents","monthly",2024-02-01,3200,"2024"
"CDR BC","Blue carbon","wikipedia","en","Blue_carbon","all-access","all-agents","monthly",2024-03-01,3436,"2024"
"CDR BC","Blue carbon","wikipedia","en","Blue_carbon","all-access","all-agents","monthly",2024-04-01,6442,"2024"
"CDR BC","Blue carbon","wikipedia","en","Blue_carbon","all-access","all-agents","monthly",2024-05-01,4065,"2024"
"CDR BC","Blue carbon","wikipedia","en","Blue_carbon","all-access","all-agents","monthly",2024-06-01,3329,"2024"
"CDR BC","Blue carbon","wikipedia","en","Blue_carbon","all-access","all-agents","monthly",2024-07-01,3329,"2024"
"CDR BC","Blue carbon","wikipedia","en","Blue_carbon","all-access","all-agents","monthly",2024-08-01,2811,"2024"
"CDR BC","Blue carbon","wikipedia","en","Blue_carbon","all-access","all-agents","monthly",2024-09-01,2798,"2024"
"CDR BC","Blue carbon","wikipedia","en","Blue_carbon","all-access","all-agents","monthly",2024-10-01,2923,"2024"
"CDR BC","Blue carbon","wikipedia","en","Blue_carbon","all-access","all-agents","monthly",2024-11-01,3104,"2024"
"CDR BC","Blue carbon","wikipedia","en","Blue_carbon","all-access","all-agents","monthly",2024-12-01,2522,"2024"
"CDR BioPump","Ocean fertilization","wikipedia","en","Ocean_fertilization","all-access","all-agents","monthly",2015-10-01,1118,"2015"
"CDR BioPump","Ocean fertilization","wikipedia","en","Ocean_fertilization","all-access","all-agents","monthly",2015-11-01,1165,"2015"
"CDR BioPump","Ocean fertilization","wikipedia","en","Ocean_fertilization","all-access","all-agents","monthly",2015-12-01,1325,"2015"
"CDR BioPump","Ocean fertilization","wikipedia","en","Ocean_fertilization","all-access","all-agents","monthly",2016-01-01,1075,"2016"
"CDR BioPump","Ocean fertilization","wikipedia","en","Ocean_fertilization","all-access","all-agents","monthly",2016-02-01,1134,"2016"
"CDR BioPump","Ocean fertilization","wikipedia","en","Ocean_fertilization","all-access","all-agents","monthly",2016-03-01,1528,"2016"
"CDR BioPump","Ocean fertilization","wikipedia","en","Ocean_fertilization","all-access","all-agents","monthly",2016-04-01,1790,"2016"
"CDR BioPump","Ocean fertilization","wikipedia","en","Ocean_fertilization","all-access","all-agents","monthly",2016-05-01,1451,"2016"
"CDR BioPump","Ocean fertilization","wikipedia","en","Ocean_fertilization","all-access","all-agents","monthly",2016-06-01,1242,"2016"
"CDR BioPump","Ocean fertilization","wikipedia","en","Ocean_fertilization","all-access","all-agents","monthly",2016-07-01,1253,"2016"
"CDR BioPump","Ocean fertilization","wikipedia","en","Ocean_fertilization","all-access","all-agents","monthly",2016-08-01,1126,"2016"
"CDR BioPump","Ocean fertilization","wikipedia","en","Ocean_fertilization","all-access","all-agents","monthly",2016-09-01,1234,"2016"
"CDR BioPump","Ocean fertilization","wikipedia","en","Ocean_fertilization","all-access","all-agents","monthly",2016-10-01,1585,"2016"
"CDR BioPump","Ocean fertilization","wikipedia","en","Ocean_fertilization","all-access","all-agents","monthly",2016-11-01,2208,"2016"
"CDR BioPump","Ocean fertilization","wikipedia","en","Ocean_fertilization","all-access","all-agents","monthly",2016-12-01,2088,"2016"
"CDR BioPump","Ocean fertilization","wikipedia","en","Ocean_fertilization","all-access","all-agents","monthly",2017-01-01,1633,"2017"
"CDR BioPump","Ocean fertilization","wikipedia","en","Ocean_fertilization","all-access","all-agents","monthly",2017-02-01,1307,"2017"
"CDR BioPump","Ocean fertilization","wikipedia","en","Ocean_fertilization","all-access","all-agents","monthly",2017-03-01,1764,"2017"
"CDR BioPump","Ocean fertilization","wikipedia","en","Ocean_fertilization","all-access","all-agents","monthly",2017-04-01,1751,"2017"
"CDR BioPump","Ocean fertilization","wikipedia","en","Ocean_fertilization","all-access","all-agents","monthly",2017-05-01,1587,"2017"
"CDR BioPump","Ocean fertilization","wikipedia","en","Ocean_fertilization","all-access","all-agents","monthly",2017-06-01,2196,"2017"
"CDR BioPump","Ocean fertilization","wikipedia","en","Ocean_fertilization","all-access","all-agents","monthly",2017-07-01,1357,"2017"
"CDR BioPump","Ocean fertilization","wikipedia","en","Ocean_fertilization","all-access","all-agents","monthly",2017-08-01,1271,"2017"
"CDR BioPump","Ocean fertilization","wikipedia","en","Ocean_fertilization","all-access","all-agents","monthly",2017-09-01,1535,"2017"
"CDR BioPump","Ocean fertilization","wikipedia","en","Ocean_fertilization","all-access","all-agents","monthly",2017-10-01,1603,"2017"
"CDR BioPump","Ocean fertilization","wikipedia","en","Ocean_fertilization","all-access","all-agents","monthly",2017-11-01,1765,"2017"
"CDR BioPump","Ocean fertilization","wikipedia","en","Ocean_fertilization","all-access","all-agents","monthly",2017-12-01,1449,"2017"
"CDR BioPump","Ocean fertilization","wikipedia","en","Ocean_fertilization","all-access","all-agents","monthly",2018-01-01,3005,"2018"
"CDR BioPump","Ocean fertilization","wikipedia","en","Ocean_fertilization","all-access","all-agents","monthly",2018-02-01,1466,"2018"
"CDR BioPump","Ocean fertilization","wikipedia","en","Ocean_fertilization","all-access","all-agents","monthly",2018-03-01,1556,"2018"
"CDR BioPump","Ocean fertilization","wikipedia","en","Ocean_fertilization","all-access","all-agents","monthly",2018-04-01,1667,"2018"
"CDR BioPump","Ocean fertilization","wikipedia","en","Ocean_fertilization","all-access","all-agents","monthly",2018-05-01,1394,"2018"
"CDR BioPump","Ocean fertilization","wikipedia","en","Ocean_fertilization","all-access","all-agents","monthly",2018-06-01,1224,"2018"
"CDR BioPump","Ocean fertilization","wikipedia","en","Ocean_fertilization","all-access","all-agents","monthly",2018-07-01,1642,"2018"
"CDR BioPump","Ocean fertilization","wikipedia","en","Ocean_fertilization","all-access","all-agents","monthly",2018-08-01,1803,"2018"
"CDR BioPump","Ocean fertilization","wikipedia","en","Ocean_fertilization","all-access","all-agents","monthly",2018-09-01,1484,"2018"
"CDR BioPump","Ocean fertilization","wikipedia","en","Ocean_fertilization","all-access","all-agents","monthly",2018-10-01,2216,"2018"
"CDR BioPump","Ocean fertilization","wikipedia","en","Ocean_fertilization","all-access","all-agents","monthly",2018-11-01,2058,"2018"
"CDR BioPump","Ocean fertilization","wikipedia","en","Ocean_fertilization","all-access","all-agents","monthly",2018-12-01,1680,"2018"
"CDR BioPump","Ocean fertilization","wikipedia","en","Ocean_fertilization","all-access","all-agents","monthly",2019-01-01,1920,"2019"
"CDR BioPump","Ocean fertilization","wikipedia","en","Ocean_fertilization","all-access","all-agents","monthly",2019-02-01,1688,"2019"
"CDR BioPump","Ocean fertilization","wikipedia","en","Ocean_fertilization","all-access","all-agents","monthly",2019-03-01,1917,"2019"
"CDR BioPump","Ocean fertilization","wikipedia","en","Ocean_fertilization","all-access","all-agents","monthly",2019-04-01,2267,"2019"
"CDR BioPump","Ocean fertilization","wikipedia","en","Ocean_fertilization","all-access","all-agents","monthly",2019-05-01,2081,"2019"
"CDR BioPump","Ocean fertilization","wikipedia","en","Ocean_fertilization","all-access","all-agents","monthly",2019-06-01,1601,"2019"
"CDR BioPump","Ocean fertilization","wikipedia","en","Ocean_fertilization","all-access","all-agents","monthly",2019-07-01,1950,"2019"
"CDR BioPump","Ocean fertilization","wikipedia","en","Ocean_fertilization","all-access","all-agents","monthly",2019-08-01,2033,"2019"
"CDR BioPump","Ocean fertilization","wikipedia","en","Ocean_fertilization","all-access","all-agents","monthly",2019-09-01,1696,"2019"
"CDR BioPump","Ocean fertilization","wikipedia","en","Ocean_fertilization","all-access","all-agents","monthly",2019-10-01,2099,"2019"
"CDR BioPump","Ocean fertilization","wikipedia","en","Ocean_fertilization","all-access","all-agents","monthly",2019-11-01,2034,"2019"
"CDR BioPump","Ocean fertilization","wikipedia","en","Ocean_fertilization","all-access","all-agents","monthly",2019-12-01,2035,"2019"
"CDR BioPump","Ocean fertilization","wikipedia","en","Ocean_fertilization","all-access","all-agents","monthly",2020-01-01,2378,"2020"
"CDR BioPump","Ocean fertilization","wikipedia","en","Ocean_fertilization","all-access","all-agents","monthly",2020-02-01,1954,"2020"
"CDR BioPump","Ocean fertilization","wikipedia","en","Ocean_fertilization","all-access","all-agents","monthly",2020-03-01,1479,"2020"
"CDR BioPump","Ocean fertilization","wikipedia","en","Ocean_fertilization","all-access","all-agents","monthly",2020-04-01,1524,"2020"
"CDR BioPump","Ocean fertilization","wikipedia","en","Ocean_fertilization","all-access","all-agents","monthly",2020-05-01,1438,"2020"
"CDR BioPump","Ocean fertilization","wikipedia","en","Ocean_fertilization","all-access","all-agents","monthly",2020-06-01,1545,"2020"
"CDR BioPump","Ocean fertilization","wikipedia","en","Ocean_fertilization","all-access","all-agents","monthly",2020-07-01,1353,"2020"
"CDR BioPump","Ocean fertilization","wikipedia","en","Ocean_fertilization","all-access","all-agents","monthly",2020-08-01,1304,"2020"
"CDR BioPump","Ocean fertilization","wikipedia","en","Ocean_fertilization","all-access","all-agents","monthly",2020-09-01,1488,"2020"
"CDR BioPump","Ocean fertilization","wikipedia","en","Ocean_fertilization","all-access","all-agents","monthly",2020-10-01,1575,"2020"
"CDR BioPump","Ocean fertilization","wikipedia","en","Ocean_fertilization","all-access","all-agents","monthly",2020-11-01,1549,"2020"
"CDR BioPump","Ocean fertilization","wikipedia","en","Ocean_fertilization","all-access","all-agents","monthly",2020-12-01,1278,"2020"
"CDR BioPump","Ocean fertilization","wikipedia","en","Ocean_fertilization","all-access","all-agents","monthly",2021-01-01,1416,"2021"
"CDR BioPump","Ocean fertilization","wikipedia","en","Ocean_fertilization","all-access","all-agents","monthly",2021-02-01,1377,"2021"
"CDR BioPump","Ocean fertilization","wikipedia","en","Ocean_fertilization","all-access","all-agents","monthly",2021-03-01,1584,"2021"
"CDR BioPump","Ocean fertilization","wikipedia","en","Ocean_fertilization","all-access","all-agents","monthly",2021-04-01,1593,"2021"
"CDR BioPump","Ocean fertilization","wikipedia","en","Ocean_fertilization","all-access","all-agents","monthly",2021-05-01,1737,"2021"
"CDR BioPump","Ocean fertilization","wikipedia","en","Ocean_fertilization","all-access","all-agents","monthly",2021-06-01,1444,"2021"
"CDR BioPump","Ocean fertilization","wikipedia","en","Ocean_fertilization","all-access","all-agents","monthly",2021-07-01,1255,"2021"
"CDR BioPump","Ocean fertilization","wikipedia","en","Ocean_fertilization","all-access","all-agents","monthly",2021-08-01,1428,"2021"
"CDR BioPump","Ocean fertilization","wikipedia","en","Ocean_fertilization","all-access","all-agents","monthly",2021-09-01,1326,"2021"
"CDR BioPump","Ocean fertilization","wikipedia","en","Ocean_fertilization","all-access","all-agents","monthly",2021-10-01,1341,"2021"
"CDR BioPump","Ocean fertilization","wikipedia","en","Ocean_fertilization","all-access","all-agents","monthly",2021-11-01,1491,"2021"
"CDR BioPump","Ocean fertilization","wikipedia","en","Ocean_fertilization","all-access","all-agents","monthly",2021-12-01,1197,"2021"
"CDR BioPump","Ocean fertilization","wikipedia","en","Ocean_fertilization","all-access","all-agents","monthly",2022-01-01,1231,"2022"
"CDR BioPump","Ocean fertilization","wikipedia","en","Ocean_fertilization","all-access","all-agents","monthly",2022-02-01,1221,"2022"
"CDR BioPump","Ocean fertilization","wikipedia","en","Ocean_fertilization","all-access","all-agents","monthly",2022-03-01,1317,"2022"
"CDR BioPump","Ocean fertilization","wikipedia","en","Ocean_fertilization","all-access","all-agents","monthly",2022-04-01,1295,"2022"
"CDR BioPump","Ocean fertilization","wikipedia","en","Ocean_fertilization","all-access","all-agents","monthly",2022-05-01,1804,"2022"
"CDR BioPump","Ocean fertilization","wikipedia","en","Ocean_fertilization","all-access","all-agents","monthly",2022-06-01,2145,"2022"
"CDR BioPump","Ocean fertilization","wikipedia","en","Ocean_fertilization","all-access","all-agents","monthly",2022-07-01,1358,"2022"
"CDR BioPump","Ocean fertilization","wikipedia","en","Ocean_fertilization","all-access","all-agents","monthly",2022-08-01,1086,"2022"
"CDR BioPump","Ocean fertilization","wikipedia","en","Ocean_fertilization","all-access","all-agents","monthly",2022-09-01,1204,"2022"
"CDR BioPump","Ocean fertilization","wikipedia","en","Ocean_fertilization","all-access","all-agents","monthly",2022-10-01,1298,"2022"
"CDR BioPump","Ocean fertilization","wikipedia","en","Ocean_fertilization","all-access","all-agents","monthly",2022-11-01,1529,"2022"
"CDR BioPump","Ocean fertilization","wikipedia","en","Ocean_fertilization","all-access","all-agents","monthly",2022-12-01,1423,"2022"
"CDR BioPump","Ocean fertilization","wikipedia","en","Ocean_fertilization","all-access","all-agents","monthly",2023-01-01,1501,"2023"
"CDR BioPump","Ocean fertilization","wikipedia","en","Ocean_fertilization","all-access","all-agents","monthly",2023-02-01,1501,"2023"
"CDR BioPump","Ocean fertilization","wikipedia","en","Ocean_fertilization","all-access","all-agents","monthly",2023-03-01,2269,"2023"
"CDR BioPump","Ocean fertilization","wikipedia","en","Ocean_fertilization","all-access","all-agents","monthly",2023-04-01,1761,"2023"
"CDR BioPump","Ocean fertilization","wikipedia","en","Ocean_fertilization","all-access","all-agents","monthly",2023-05-01,1713,"2023"
"CDR BioPump","Ocean fertilization","wikipedia","en","Ocean_fertilization","all-access","all-agents","monthly",2023-06-01,1433,"2023"
"CDR BioPump","Ocean fertilization","wikipedia","en","Ocean_fertilization","all-access","all-agents","monthly",2023-07-01,1410,"2023"
"CDR BioPump","Ocean fertilization","wikipedia","en","Ocean_fertilization","all-access","all-agents","monthly",2023-08-01,1446,"2023"
"CDR BioPump","Ocean fertilization","wikipedia","en","Ocean_fertilization","all-access","all-agents","monthly",2023-09-01,1722,"2023"
"CDR BioPump","Ocean fertilization","wikipedia","en","Ocean_fertilization","all-access","all-agents","monthly",2023-10-01,2069,"2023"
"CDR BioPump","Ocean fertilization","wikipedia","en","Ocean_fertilization","all-access","all-agents","monthly",2023-11-01,1775,"2023"
"CDR BioPump","Ocean fertilization","wikipedia","en","Ocean_fertilization","all-access","all-agents","monthly",2023-12-01,1535,"2023"
"CDR BioPump","Ocean fertilization","wikipedia","en","Ocean_fertilization","all-access","all-agents","monthly",2024-01-01,1568,"2024"
"CDR BioPump","Ocean fertilization","wikipedia","en","Ocean_fertilization","all-access","all-agents","monthly",2024-02-01,1708,"2024"
"CDR BioPump","Ocean fertilization","wikipedia","en","Ocean_fertilization","all-access","all-agents","monthly",2024-03-01,1921,"2024"
"CDR BioPump","Ocean fertilization","wikipedia","en","Ocean_fertilization","all-access","all-agents","monthly",2024-04-01,1605,"2024"
"CDR BioPump","Ocean fertilization","wikipedia","en","Ocean_fertilization","all-access","all-agents","monthly",2024-05-01,1619,"2024"
"CDR BioPump","Ocean fertilization","wikipedia","en","Ocean_fertilization","all-access","all-agents","monthly",2024-06-01,1605,"2024"
"CDR BioPump","Ocean fertilization","wikipedia","en","Ocean_fertilization","all-access","all-agents","monthly",2024-07-01,1883,"2024"
"CDR BioPump","Ocean fertilization","wikipedia","en","Ocean_fertilization","all-access","all-agents","monthly",2024-08-01,1394,"2024"
"CDR BioPump","Ocean fertilization","wikipedia","en","Ocean_fertilization","all-access","all-agents","monthly",2024-09-01,1801,"2024"
"CDR BioPump","Ocean fertilization","wikipedia","en","Ocean_fertilization","all-access","all-agents","monthly",2024-10-01,1721,"2024"
"CDR BioPump","Ocean fertilization","wikipedia","en","Ocean_fertilization","all-access","all-agents","monthly",2024-11-01,1416,"2024"
"CDR BioPump","Ocean fertilization","wikipedia","en","Ocean_fertilization","all-access","all-agents","monthly",2024-12-01,1267,"2024"
"CDR Cult","Seaweed farming","wikipedia","en","Seaweed_farming","all-access","all-agents","monthly",2015-10-01,2967,"2015"
"CDR Cult","Seaweed farming","wikipedia","en","Seaweed_farming","all-access","all-agents","monthly",2015-11-01,3489,"2015"
"CDR Cult","Seaweed farming","wikipedia","en","Seaweed_farming","all-access","all-agents","monthly",2015-12-01,3171,"2015"
"CDR Cult","Seaweed farming","wikipedia","en","Seaweed_farming","all-access","all-agents","monthly",2016-01-01,3152,"2016"
"CDR Cult","Seaweed farming","wikipedia","en","Seaweed_farming","all-access","all-agents","monthly",2016-02-01,3370,"2016"
"CDR Cult","Seaweed farming","wikipedia","en","Seaweed_farming","all-access","all-agents","monthly",2016-03-01,3552,"2016"
"CDR Cult","Seaweed farming","wikipedia","en","Seaweed_farming","all-access","all-agents","monthly",2016-04-01,3380,"2016"
"CDR Cult","Seaweed farming","wikipedia","en","Seaweed_farming","all-access","all-agents","monthly",2016-05-01,3230,"2016"
"CDR Cult","Seaweed farming","wikipedia","en","Seaweed_farming","all-access","all-agents","monthly",2016-06-01,2842,"2016"
"CDR Cult","Seaweed farming","wikipedia","en","Seaweed_farming","all-access","all-agents","monthly",2016-07-01,2652,"2016"
"CDR Cult","Seaweed farming","wikipedia","en","Seaweed_farming","all-access","all-agents","monthly",2016-08-01,2727,"2016"
"CDR Cult","Seaweed farming","wikipedia","en","Seaweed_farming","all-access","all-agents","monthly",2016-09-01,3411,"2016"
"CDR Cult","Seaweed farming","wikipedia","en","Seaweed_farming","all-access","all-agents","monthly",2016-10-01,4412,"2016"
"CDR Cult","Seaweed farming","wikipedia","en","Seaweed_farming","all-access","all-agents","monthly",2016-11-01,4384,"2016"
"CDR Cult","Seaweed farming","wikipedia","en","Seaweed_farming","all-access","all-agents","monthly",2016-12-01,3190,"2016"
"CDR Cult","Seaweed farming","wikipedia","en","Seaweed_farming","all-access","all-agents","monthly",2017-01-01,3271,"2017"
"CDR Cult","Seaweed farming","wikipedia","en","Seaweed_farming","all-access","all-agents","monthly",2017-02-01,3498,"2017"
"CDR Cult","Seaweed farming","wikipedia","en","Seaweed_farming","all-access","all-agents","monthly",2017-03-01,4241,"2017"
"CDR Cult","Seaweed farming","wikipedia","en","Seaweed_farming","all-access","all-agents","monthly",2017-04-01,3869,"2017"
"CDR Cult","Seaweed farming","wikipedia","en","Seaweed_farming","all-access","all-agents","monthly",2017-05-01,3921,"2017"
"CDR Cult","Seaweed farming","wikipedia","en","Seaweed_farming","all-access","all-agents","monthly",2017-06-01,3189,"2017"
"CDR Cult","Seaweed farming","wikipedia","en","Seaweed_farming","all-access","all-agents","monthly",2017-07-01,3525,"2017"
"CDR Cult","Seaweed farming","wikipedia","en","Seaweed_farming","all-access","all-agents","monthly",2017-08-01,3491,"2017"
"CDR Cult","Seaweed farming","wikipedia","en","Seaweed_farming","all-access","all-agents","monthly",2017-09-01,3961,"2017"
"CDR Cult","Seaweed farming","wikipedia","en","Seaweed_farming","all-access","all-agents","monthly",2017-10-01,3976,"2017"
"CDR Cult","Seaweed farming","wikipedia","en","Seaweed_farming","all-access","all-agents","monthly",2017-11-01,3973,"2017"
"CDR Cult","Seaweed farming","wikipedia","en","Seaweed_farming","all-access","all-agents","monthly",2017-12-01,3176,"2017"
"CDR Cult","Seaweed farming","wikipedia","en","Seaweed_farming","all-access","all-agents","monthly",2018-01-01,3500,"2018"
"CDR Cult","Seaweed farming","wikipedia","en","Seaweed_farming","all-access","all-agents","monthly",2018-02-01,6520,"2018"
"CDR Cult","Seaweed farming","wikipedia","en","Seaweed_farming","all-access","all-agents","monthly",2018-03-01,3800,"2018"
"CDR Cult","Seaweed farming","wikipedia","en","Seaweed_farming","all-access","all-agents","monthly",2018-04-01,3763,"2018"
"CDR Cult","Seaweed farming","wikipedia","en","Seaweed_farming","all-access","all-agents","monthly",2018-05-01,3841,"2018"
"CDR Cult","Seaweed farming","wikipedia","en","Seaweed_farming","all-access","all-agents","monthly",2018-06-01,3037,"2018"
"CDR Cult","Seaweed farming","wikipedia","en","Seaweed_farming","all-access","all-agents","monthly",2018-07-01,3699,"2018"
"CDR Cult","Seaweed farming","wikipedia","en","Seaweed_farming","all-access","all-agents","monthly",2018-08-01,3102,"2018"
"CDR Cult","Seaweed farming","wikipedia","en","Seaweed_farming","all-access","all-agents","monthly",2018-09-01,3247,"2018"
"CDR Cult","Seaweed farming","wikipedia","en","Seaweed_farming","all-access","all-agents","monthly",2018-10-01,3800,"2018"
"CDR Cult","Seaweed farming","wikipedia","en","Seaweed_farming","all-access","all-agents","monthly",2018-11-01,3444,"2018"
"CDR Cult","Seaweed farming","wikipedia","en","Seaweed_farming","all-access","all-agents","monthly",2018-12-01,3029,"2018"
"CDR Cult","Seaweed farming","wikipedia","en","Seaweed_farming","all-access","all-agents","monthly",2019-01-01,3551,"2019"
"CDR Cult","Seaweed farming","wikipedia","en","Seaweed_farming","all-access","all-agents","monthly",2019-02-01,3346,"2019"
"CDR Cult","Seaweed farming","wikipedia","en","Seaweed_farming","all-access","all-agents","monthly",2019-03-01,3951,"2019"
"CDR Cult","Seaweed farming","wikipedia","en","Seaweed_farming","all-access","all-agents","monthly",2019-04-01,3766,"2019"
"CDR Cult","Seaweed farming","wikipedia","en","Seaweed_farming","all-access","all-agents","monthly",2019-05-01,4040,"2019"
"CDR Cult","Seaweed farming","wikipedia","en","Seaweed_farming","all-access","all-agents","monthly",2019-06-01,3486,"2019"
"CDR Cult","Seaweed farming","wikipedia","en","Seaweed_farming","all-access","all-agents","monthly",2019-07-01,3385,"2019"
"CDR Cult","Seaweed farming","wikipedia","en","Seaweed_farming","all-access","all-agents","monthly",2019-08-01,4075,"2019"
"CDR Cult","Seaweed farming","wikipedia","en","Seaweed_farming","all-access","all-agents","monthly",2019-09-01,4005,"2019"
"CDR Cult","Seaweed farming","wikipedia","en","Seaweed_farming","all-access","all-agents","monthly",2019-10-01,4169,"2019"
"CDR Cult","Seaweed farming","wikipedia","en","Seaweed_farming","all-access","all-agents","monthly",2019-11-01,3878,"2019"
"CDR Cult","Seaweed farming","wikipedia","en","Seaweed_farming","all-access","all-agents","monthly",2019-12-01,3423,"2019"
"CDR Cult","Seaweed farming","wikipedia","en","Seaweed_farming","all-access","all-agents","monthly",2020-01-01,3568,"2020"
"CDR Cult","Seaweed farming","wikipedia","en","Seaweed_farming","all-access","all-agents","monthly",2020-02-01,3293,"2020"
"CDR Cult","Seaweed farming","wikipedia","en","Seaweed_farming","all-access","all-agents","monthly",2020-03-01,2874,"2020"
"CDR Cult","Seaweed farming","wikipedia","en","Seaweed_farming","all-access","all-agents","monthly",2020-04-01,2840,"2020"
"CDR Cult","Seaweed farming","wikipedia","en","Seaweed_farming","all-access","all-agents","monthly",2020-05-01,4070,"2020"
"CDR Cult","Seaweed farming","wikipedia","en","Seaweed_farming","all-access","all-agents","monthly",2020-06-01,4077,"2020"
"CDR Cult","Seaweed farming","wikipedia","en","Seaweed_farming","all-access","all-agents","monthly",2020-07-01,4373,"2020"
"CDR Cult","Seaweed farming","wikipedia","en","Seaweed_farming","all-access","all-agents","monthly",2020-08-01,4529,"2020"
"CDR Cult","Seaweed farming","wikipedia","en","Seaweed_farming","all-access","all-agents","monthly",2020-09-01,5721,"2020"
"CDR Cult","Seaweed farming","wikipedia","en","Seaweed_farming","all-access","all-agents","monthly",2020-10-01,6055,"2020"
"CDR Cult","Seaweed farming","wikipedia","en","Seaweed_farming","all-access","all-agents","monthly",2020-11-01,6104,"2020"
"CDR Cult","Seaweed farming","wikipedia","en","Seaweed_farming","all-access","all-agents","monthly",2020-12-01,5318,"2020"
"CDR Cult","Seaweed farming","wikipedia","en","Seaweed_farming","all-access","all-agents","monthly",2021-01-01,5268,"2021"
"CDR Cult","Seaweed farming","wikipedia","en","Seaweed_farming","all-access","all-agents","monthly",2021-02-01,7652,"2021"
"CDR Cult","Seaweed farming","wikipedia","en","Seaweed_farming","all-access","all-agents","monthly",2021-03-01,7754,"2021"
"CDR Cult","Seaweed farming","wikipedia","en","Seaweed_farming","all-access","all-agents","monthly",2021-04-01,6799,"2021"
"CDR Cult","Seaweed farming","wikipedia","en","Seaweed_farming","all-access","all-agents","monthly",2021-05-01,6235,"2021"
"CDR Cult","Seaweed farming","wikipedia","en","Seaweed_farming","all-access","all-agents","monthly",2021-06-01,5793,"2021"
"CDR Cult","Seaweed farming","wikipedia","en","Seaweed_farming","all-access","all-agents","monthly",2021-07-01,6711,"2021"
"CDR Cult","Seaweed farming","wikipedia","en","Seaweed_farming","all-access","all-agents","monthly",2021-08-01,6344,"2021"
"CDR Cult","Seaweed farming","wikipedia","en","Seaweed_farming","all-access","all-agents","monthly",2021-09-01,6031,"2021"
"CDR Cult","Seaweed farming","wikipedia","en","Seaweed_farming","all-access","all-agents","monthly",2021-10-01,6758,"2021"
"CDR Cult","Seaweed farming","wikipedia","en","Seaweed_farming","all-access","all-agents","monthly",2021-11-01,6322,"2021"
"CDR Cult","Seaweed farming","wikipedia","en","Seaweed_farming","all-access","all-agents","monthly",2021-12-01,6467,"2021"
"CDR Cult","Seaweed farming","wikipedia","en","Seaweed_farming","all-access","all-agents","monthly",2022-01-01,6219,"2022"
"CDR Cult","Seaweed farming","wikipedia","en","Seaweed_farming","all-access","all-agents","monthly",2022-02-01,5706,"2022"
"CDR Cult","Seaweed farming","wikipedia","en","Seaweed_farming","all-access","all-agents","monthly",2022-03-01,6104,"2022"
"CDR Cult","Seaweed farming","wikipedia","en","Seaweed_farming","all-access","all-agents","monthly",2022-04-01,6248,"2022"
"CDR Cult","Seaweed farming","wikipedia","en","Seaweed_farming","all-access","all-agents","monthly",2022-05-01,6092,"2022"
"CDR Cult","Seaweed farming","wikipedia","en","Seaweed_farming","all-access","all-agents","monthly",2022-06-01,5282,"2022"
"CDR Cult","Seaweed farming","wikipedia","en","Seaweed_farming","all-access","all-agents","monthly",2022-07-01,5268,"2022"
"CDR Cult","Seaweed farming","wikipedia","en","Seaweed_farming","all-access","all-agents","monthly",2022-08-01,5859,"2022"
"CDR Cult","Seaweed farming","wikipedia","en","Seaweed_farming","all-access","all-agents","monthly",2022-09-01,11506,"2022"
"CDR Cult","Seaweed farming","wikipedia","en","Seaweed_farming","all-access","all-agents","monthly",2022-10-01,11337,"2022"
"CDR Cult","Seaweed farming","wikipedia","en","Seaweed_farming","all-access","all-agents","monthly",2022-11-01,9466,"2022"
"CDR Cult","Seaweed farming","wikipedia","en","Seaweed_farming","all-access","all-agents","monthly",2022-12-01,8533,"2022"
"CDR Cult","Seaweed farming","wikipedia","en","Seaweed_farming","all-access","all-agents","monthly",2023-01-01,8581,"2023"
"CDR Cult","Seaweed farming","wikipedia","en","Seaweed_farming","all-access","all-agents","monthly",2023-02-01,7446,"2023"
"CDR Cult","Seaweed farming","wikipedia","en","Seaweed_farming","all-access","all-agents","monthly",2023-03-01,8351,"2023"
"CDR Cult","Seaweed farming","wikipedia","en","Seaweed_farming","all-access","all-agents","monthly",2023-04-01,7449,"2023"
"CDR Cult","Seaweed farming","wikipedia","en","Seaweed_farming","all-access","all-agents","monthly",2023-05-01,7376,"2023"
"CDR Cult","Seaweed farming","wikipedia","en","Seaweed_farming","all-access","all-agents","monthly",2023-06-01,6269,"2023"
"CDR Cult","Seaweed farming","wikipedia","en","Seaweed_farming","all-access","all-agents","monthly",2023-07-01,6842,"2023"
"CDR Cult","Seaweed farming","wikipedia","en","Seaweed_farming","all-access","all-agents","monthly",2023-08-01,6644,"2023"
"CDR Cult","Seaweed farming","wikipedia","en","Seaweed_farming","all-access","all-agents","monthly",2023-09-01,6801,"2023"
"CDR Cult","Seaweed farming","wikipedia","en","Seaweed_farming","all-access","all-agents","monthly",2023-10-01,7404,"2023"
"CDR Cult","Seaweed farming","wikipedia","en","Seaweed_farming","all-access","all-agents","monthly",2023-11-01,6392,"2023"
"CDR Cult","Seaweed farming","wikipedia","en","Seaweed_farming","all-access","all-agents","monthly",2023-12-01,5777,"2023"
"CDR Cult","Seaweed farming","wikipedia","en","Seaweed_farming","all-access","all-agents","monthly",2024-01-01,8083,"2024"
"CDR Cult","Seaweed farming","wikipedia","en","Seaweed_farming","all-access","all-agents","monthly",2024-02-01,7492,"2024"
"CDR Cult","Seaweed farming","wikipedia","en","Seaweed_farming","all-access","all-agents","monthly",2024-03-01,6982,"2024"
"CDR Cult","Seaweed farming","wikipedia","en","Seaweed_farming","all-access","all-agents","monthly",2024-04-01,7106,"2024"
"CDR Cult","Seaweed farming","wikipedia","en","Seaweed_farming","all-access","all-agents","monthly",2024-05-01,6040,"2024"
"CDR Cult","Seaweed farming","wikipedia","en","Seaweed_farming","all-access","all-agents","monthly",2024-06-01,5445,"2024"
"CDR Cult","Seaweed farming","wikipedia","en","Seaweed_farming","all-access","all-agents","monthly",2024-07-01,5042,"2024"
"CDR Cult","Seaweed farming","wikipedia","en","Seaweed_farming","all-access","all-agents","monthly",2024-08-01,4866,"2024"
"CDR Cult","Seaweed farming","wikipedia","en","Seaweed_farming","all-access","all-agents","monthly",2024-09-01,5648,"2024"
"CDR Cult","Seaweed farming","wikipedia","en","Seaweed_farming","all-access","all-agents","monthly",2024-10-01,4983,"2024"
"CDR Cult","Seaweed farming","wikipedia","en","Seaweed_farming","all-access","all-agents","monthly",2024-11-01,4802,"2024"
"CDR Cult","Seaweed farming","wikipedia","en","Seaweed_farming","all-access","all-agents","monthly",2024-12-01,4174,"2024"
"CDR OAE","Ocean alkalinity enhancement","wikipedia","en","Ocean_alkalinity_enhancement","all-access","all-agents","monthly",2023-04-01,63,"2023"
"CDR OAE","Ocean alkalinity enhancement","wikipedia","en","Ocean_alkalinity_enhancement","all-access","all-agents","monthly",2023-05-01,149,"2023"
"CDR OAE","Ocean alkalinity enhancement","wikipedia","en","Ocean_alkalinity_enhancement","all-access","all-agents","monthly",2023-06-01,157,"2023"
"CDR OAE","Ocean alkalinity enhancement","wikipedia","en","Ocean_alkalinity_enhancement","all-access","all-agents","monthly",2023-07-01,208,"2023"
"CDR OAE","Ocean alkalinity enhancement","wikipedia","en","Ocean_alkalinity_enhancement","all-access","all-agents","monthly",2023-08-01,183,"2023"
"CDR OAE","Ocean alkalinity enhancement","wikipedia","en","Ocean_alkalinity_enhancement","all-access","all-agents","monthly",2023-09-01,182,"2023"
"CDR OAE","Ocean alkalinity enhancement","wikipedia","en","Ocean_alkalinity_enhancement","all-access","all-agents","monthly",2023-10-01,217,"2023"
"CDR OAE","Ocean alkalinity enhancement","wikipedia","en","Ocean_alkalinity_enhancement","all-access","all-agents","monthly",2023-11-01,164,"2023"
"CDR OAE","Ocean alkalinity enhancement","wikipedia","en","Ocean_alkalinity_enhancement","all-access","all-agents","monthly",2023-12-01,174,"2023"
"CDR OAE","Ocean alkalinity enhancement","wikipedia","en","Ocean_alkalinity_enhancement","all-access","all-agents","monthly",2024-01-01,262,"2024"
"CDR OAE","Ocean alkalinity enhancement","wikipedia","en","Ocean_alkalinity_enhancement","all-access","all-agents","monthly",2024-02-01,278,"2024"
"CDR OAE","Ocean alkalinity enhancement","wikipedia","en","Ocean_alkalinity_enhancement","all-access","all-agents","monthly",2024-03-01,210,"2024"
"CDR OAE","Ocean alkalinity enhancement","wikipedia","en","Ocean_alkalinity_enhancement","all-access","all-agents","monthly",2024-04-01,180,"2024"
"CDR OAE","Ocean alkalinity enhancement","wikipedia","en","Ocean_alkalinity_enhancement","all-access","all-agents","monthly",2024-05-01,297,"2024"
"CDR OAE","Ocean alkalinity enhancement","wikipedia","en","Ocean_alkalinity_enhancement","all-access","all-agents","monthly",2024-06-01,393,"2024"
"CDR OAE","Ocean alkalinity enhancement","wikipedia","en","Ocean_alkalinity_enhancement","all-access","all-agents","monthly",2024-07-01,415,"2024"
"CDR OAE","Ocean alkalinity enhancement","wikipedia","en","Ocean_alkalinity_enhancement","all-access","all-agents","monthly",2024-08-01,191,"2024"
"CDR OAE","Ocean alkalinity enhancement","wikipedia","en","Ocean_alkalinity_enhancement","all-access","all-agents","monthly",2024-09-01,194,"2024"
"CDR OAE","Ocean alkalinity enhancement","wikipedia","en","Ocean_alkalinity_enhancement","all-access","all-agents","monthly",2024-10-01,121,"2024"
"CDR OAE","Ocean alkalinity enhancement","wikipedia","en","Ocean_alkalinity_enhancement","all-access","all-agents","monthly",2024-11-01,124,"2024"
"CDR OAE","Ocean alkalinity enhancement","wikipedia","en","Ocean_alkalinity_enhancement","all-access","all-agents","monthly",2024-12-01,141,"2024"
"Efficiency","Initial IMO Strategy on the reduction of GHG emissions from ships","wikipedia","en","Initial_IMO_Strategy_on_the_reduction_of_GHG_emissions_from_ships","all-access","all-agents","monthly",2021-09-01,368,"2021"
"Efficiency","Initial IMO Strategy on the reduction of GHG emissions from ships","wikipedia","en","Initial_IMO_Strategy_on_the_reduction_of_GHG_emissions_from_ships","all-access","all-agents","monthly",2021-10-01,1572,"2021"
"Efficiency","Initial IMO Strategy on the reduction of GHG emissions from ships","wikipedia","en","Initial_IMO_Strategy_on_the_reduction_of_GHG_emissions_from_ships","all-access","all-agents","monthly",2021-11-01,355,"2021"
"Efficiency","Initial IMO Strategy on the reduction of GHG emissions from ships","wikipedia","en","Initial_IMO_Strategy_on_the_reduction_of_GHG_emissions_from_ships","all-access","all-agents","monthly",2021-12-01,223,"2021"
"Efficiency","Initial IMO Strategy on the reduction of GHG emissions from ships","wikipedia","en","Initial_IMO_Strategy_on_the_reduction_of_GHG_emissions_from_ships","all-access","all-agents","monthly",2022-01-01,259,"2022"
"Efficiency","Initial IMO Strategy on the reduction of GHG emissions from ships","wikipedia","en","Initial_IMO_Strategy_on_the_reduction_of_GHG_emissions_from_ships","all-access","all-agents","monthly",2022-02-01,551,"2022"
"Efficiency","Initial IMO Strategy on the reduction of GHG emissions from ships","wikipedia","en","Initial_IMO_Strategy_on_the_reduction_of_GHG_emissions_from_ships","all-access","all-agents","monthly",2022-03-01,283,"2022"
"Efficiency","Initial IMO Strategy on the reduction of GHG emissions from ships","wikipedia","en","Initial_IMO_Strategy_on_the_reduction_of_GHG_emissions_from_ships","all-access","all-agents","monthly",2022-04-01,246,"2022"
"Efficiency","Initial IMO Strategy on the reduction of GHG emissions from ships","wikipedia","en","Initial_IMO_Strategy_on_the_reduction_of_GHG_emissions_from_ships","all-access","all-agents","monthly",2022-05-01,286,"2022"
"Efficiency","Initial IMO Strategy on the reduction of GHG emissions from ships","wikipedia","en","Initial_IMO_Strategy_on_the_reduction_of_GHG_emissions_from_ships","all-access","all-agents","monthly",2022-06-01,265,"2022"
"Efficiency","Initial IMO Strategy on the reduction of GHG emissions from ships","wikipedia","en","Initial_IMO_Strategy_on_the_reduction_of_GHG_emissions_from_ships","all-access","all-agents","monthly",2022-07-01,235,"2022"
"Efficiency","Initial IMO Strategy on the reduction of GHG emissions from ships","wikipedia","en","Initial_IMO_Strategy_on_the_reduction_of_GHG_emissions_from_ships","all-access","all-agents","monthly",2022-08-01,250,"2022"
"Efficiency","Initial IMO Strategy on the reduction of GHG emissions from ships","wikipedia","en","Initial_IMO_Strategy_on_the_reduction_of_GHG_emissions_from_ships","all-access","all-agents","monthly",2022-09-01,272,"2022"
"Efficiency","Initial IMO Strategy on the reduction of GHG emissions from ships","wikipedia","en","Initial_IMO_Strategy_on_the_reduction_of_GHG_emissions_from_ships","all-access","all-agents","monthly",2022-10-01,314,"2022"
"Efficiency","Initial IMO Strategy on the reduction of GHG emissions from ships","wikipedia","en","Initial_IMO_Strategy_on_the_reduction_of_GHG_emissions_from_ships","all-access","all-agents","monthly",2022-11-01,340,"2022"
"Efficiency","Initial IMO Strategy on the reduction of GHG emissions from ships","wikipedia","en","Initial_IMO_Strategy_on_the_reduction_of_GHG_emissions_from_ships","all-access","all-agents","monthly",2022-12-01,307,"2022"
"Efficiency","Initial IMO Strategy on the reduction of GHG emissions from ships","wikipedia","en","Initial_IMO_Strategy_on_the_reduction_of_GHG_emissions_from_ships","all-access","all-agents","monthly",2023-01-01,543,"2023"
"Efficiency","Initial IMO Strategy on the reduction of GHG emissions from ships","wikipedia","en","Initial_IMO_Strategy_on_the_reduction_of_GHG_emissions_from_ships","all-access","all-agents","monthly",2023-02-01,306,"2023"
"Efficiency","Initial IMO Strategy on the reduction of GHG emissions from ships","wikipedia","en","Initial_IMO_Strategy_on_the_reduction_of_GHG_emissions_from_ships","all-access","all-agents","monthly",2023-03-01,418,"2023"
"Efficiency","Initial IMO Strategy on the reduction of GHG emissions from ships","wikipedia","en","Initial_IMO_Strategy_on_the_reduction_of_GHG_emissions_from_ships","all-access","all-agents","monthly",2023-04-01,380,"2023"
"Efficiency","Initial IMO Strategy on the reduction of GHG emissions from ships","wikipedia","en","Initial_IMO_Strategy_on_the_reduction_of_GHG_emissions_from_ships","all-access","all-agents","monthly",2023-05-01,330,"2023"
"Efficiency","Initial IMO Strategy on the reduction of GHG emissions from ships","wikipedia","en","Initial_IMO_Strategy_on_the_reduction_of_GHG_emissions_from_ships","all-access","all-agents","monthly",2023-06-01,311,"2023"
"Efficiency","Initial IMO Strategy on the reduction of GHG emissions from ships","wikipedia","en","Initial_IMO_Strategy_on_the_reduction_of_GHG_emissions_from_ships","all-access","all-agents","monthly",2023-07-01,437,"2023"
"Efficiency","Initial IMO Strategy on the reduction of GHG emissions from ships","wikipedia","en","Initial_IMO_Strategy_on_the_reduction_of_GHG_emissions_from_ships","all-access","all-agents","monthly",2023-08-01,452,"2023"
"Efficiency","Initial IMO Strategy on the reduction of GHG emissions from ships","wikipedia","en","Initial_IMO_Strategy_on_the_reduction_of_GHG_emissions_from_ships","all-access","all-agents","monthly",2023-09-01,442,"2023"
"Efficiency","Initial IMO Strategy on the reduction of GHG emissions from ships","wikipedia","en","Initial_IMO_Strategy_on_the_reduction_of_GHG_emissions_from_ships","all-access","all-agents","monthly",2023-10-01,457,"2023"
"Efficiency","Initial IMO Strategy on the reduction of GHG emissions from ships","wikipedia","en","Initial_IMO_Strategy_on_the_reduction_of_GHG_emissions_from_ships","all-access","all-agents","monthly",2023-11-01,373,"2023"
"Efficiency","Initial IMO Strategy on the reduction of GHG emissions from ships","wikipedia","en","Initial_IMO_Strategy_on_the_reduction_of_GHG_emissions_from_ships","all-access","all-agents","monthly",2023-12-01,202,"2023"
"Efficiency","Initial IMO Strategy on the reduction of GHG emissions from ships","wikipedia","en","Initial_IMO_Strategy_on_the_reduction_of_GHG_emissions_from_ships","all-access","all-agents","monthly",2024-01-01,255,"2024"
"Efficiency","Initial IMO Strategy on the reduction of GHG emissions from ships","wikipedia","en","Initial_IMO_Strategy_on_the_reduction_of_GHG_emissions_from_ships","all-access","all-agents","monthly",2024-02-01,322,"2024"
"Efficiency","Initial IMO Strategy on the reduction of GHG emissions from ships","wikipedia","en","Initial_IMO_Strategy_on_the_reduction_of_GHG_emissions_from_ships","all-access","all-agents","monthly",2024-03-01,299,"2024"
"Efficiency","Initial IMO Strategy on the reduction of GHG emissions from ships","wikipedia","en","Initial_IMO_Strategy_on_the_reduction_of_GHG_emissions_from_ships","all-access","all-agents","monthly",2024-04-01,231,"2024"
"Efficiency","Initial IMO Strategy on the reduction of GHG emissions from ships","wikipedia","en","Initial_IMO_Strategy_on_the_reduction_of_GHG_emissions_from_ships","all-access","all-agents","monthly",2024-05-01,269,"2024"
"Efficiency","Initial IMO Strategy on the reduction of GHG emissions from ships","wikipedia","en","Initial_IMO_Strategy_on_the_reduction_of_GHG_emissions_from_ships","all-access","all-agents","monthly",2024-06-01,225,"2024"
"Efficiency","Initial IMO Strategy on the reduction of GHG emissions from ships","wikipedia","en","Initial_IMO_Strategy_on_the_reduction_of_GHG_emissions_from_ships","all-access","all-agents","monthly",2024-07-01,317,"2024"
"Efficiency","Initial IMO Strategy on the reduction of GHG emissions from ships","wikipedia","en","Initial_IMO_Strategy_on_the_reduction_of_GHG_emissions_from_ships","all-access","all-agents","monthly",2024-08-01,302,"2024"
"Efficiency","Initial IMO Strategy on the reduction of GHG emissions from ships","wikipedia","en","Initial_IMO_Strategy_on_the_reduction_of_GHG_emissions_from_ships","all-access","all-agents","monthly",2024-09-01,315,"2024"
"Efficiency","Initial IMO Strategy on the reduction of GHG emissions from ships","wikipedia","en","Initial_IMO_Strategy_on_the_reduction_of_GHG_emissions_from_ships","all-access","all-agents","monthly",2024-10-01,346,"2024"
"Efficiency","Initial IMO Strategy on the reduction of GHG emissions from ships","wikipedia","en","Initial_IMO_Strategy_on_the_reduction_of_GHG_emissions_from_ships","all-access","all-agents","monthly",2024-11-01,289,"2024"
"Efficiency","Initial IMO Strategy on the reduction of GHG emissions from ships","wikipedia","en","Initial_IMO_Strategy_on_the_reduction_of_GHG_emissions_from_ships","all-access","all-agents","monthly",2024-12-01,357,"2024"
"MRE Bio","Algae fuel","wikipedia","en","Algae_fuel","all-access","all-agents","monthly",2015-10-01,15993,"2015"
"MRE Bio","Algae fuel","wikipedia","en","Algae_fuel","all-access","all-agents","monthly",2015-11-01,16096,"2015"
"MRE Bio","Algae fuel","wikipedia","en","Algae_fuel","all-access","all-agents","monthly",2015-12-01,15983,"2015"
"MRE Bio","Algae fuel","wikipedia","en","Algae_fuel","all-access","all-agents","monthly",2016-01-01,15171,"2016"
"MRE Bio","Algae fuel","wikipedia","en","Algae_fuel","all-access","all-agents","monthly",2016-02-01,16638,"2016"
"MRE Bio","Algae fuel","wikipedia","en","Algae_fuel","all-access","all-agents","monthly",2016-03-01,16317,"2016"
"MRE Bio","Algae fuel","wikipedia","en","Algae_fuel","all-access","all-agents","monthly",2016-04-01,16448,"2016"
"MRE Bio","Algae fuel","wikipedia","en","Algae_fuel","all-access","all-agents","monthly",2016-05-01,14458,"2016"
"MRE Bio","Algae fuel","wikipedia","en","Algae_fuel","all-access","all-agents","monthly",2016-06-01,11545,"2016"
"MRE Bio","Algae fuel","wikipedia","en","Algae_fuel","all-access","all-agents","monthly",2016-07-01,11987,"2016"
"MRE Bio","Algae fuel","wikipedia","en","Algae_fuel","all-access","all-agents","monthly",2016-08-01,12587,"2016"
"MRE Bio","Algae fuel","wikipedia","en","Algae_fuel","all-access","all-agents","monthly",2016-09-01,14670,"2016"
"MRE Bio","Algae fuel","wikipedia","en","Algae_fuel","all-access","all-agents","monthly",2016-10-01,18617,"2016"
"MRE Bio","Algae fuel","wikipedia","en","Algae_fuel","all-access","all-agents","monthly",2016-11-01,18072,"2016"
"MRE Bio","Algae fuel","wikipedia","en","Algae_fuel","all-access","all-agents","monthly",2016-12-01,15208,"2016"
"MRE Bio","Algae fuel","wikipedia","en","Algae_fuel","all-access","all-agents","monthly",2017-01-01,14949,"2017"
"MRE Bio","Algae fuel","wikipedia","en","Algae_fuel","all-access","all-agents","monthly",2017-02-01,15086,"2017"
"MRE Bio","Algae fuel","wikipedia","en","Algae_fuel","all-access","all-agents","monthly",2017-03-01,16629,"2017"
"MRE Bio","Algae fuel","wikipedia","en","Algae_fuel","all-access","all-agents","monthly",2017-04-01,17506,"2017"
"MRE Bio","Algae fuel","wikipedia","en","Algae_fuel","all-access","all-agents","monthly",2017-05-01,20608,"2017"
"MRE Bio","Algae fuel","wikipedia","en","Algae_fuel","all-access","all-agents","monthly",2017-06-01,12052,"2017"
"MRE Bio","Algae fuel","wikipedia","en","Algae_fuel","all-access","all-agents","monthly",2017-07-01,11320,"2017"
"MRE Bio","Algae fuel","wikipedia","en","Algae_fuel","all-access","all-agents","monthly",2017-08-01,11000,"2017"
"MRE Bio","Algae fuel","wikipedia","en","Algae_fuel","all-access","all-agents","monthly",2017-09-01,12412,"2017"
"MRE Bio","Algae fuel","wikipedia","en","Algae_fuel","all-access","all-agents","monthly",2017-10-01,17282,"2017"
"MRE Bio","Algae fuel","wikipedia","en","Algae_fuel","all-access","all-agents","monthly",2017-11-01,15538,"2017"
"MRE Bio","Algae fuel","wikipedia","en","Algae_fuel","all-access","all-agents","monthly",2017-12-01,12700,"2017"
"MRE Bio","Algae fuel","wikipedia","en","Algae_fuel","all-access","all-agents","monthly",2018-01-01,13053,"2018"
"MRE Bio","Algae fuel","wikipedia","en","Algae_fuel","all-access","all-agents","monthly",2018-02-01,11843,"2018"
"MRE Bio","Algae fuel","wikipedia","en","Algae_fuel","all-access","all-agents","monthly",2018-03-01,13216,"2018"
"MRE Bio","Algae fuel","wikipedia","en","Algae_fuel","all-access","all-agents","monthly",2018-04-01,15496,"2018"
"MRE Bio","Algae fuel","wikipedia","en","Algae_fuel","all-access","all-agents","monthly",2018-05-01,16623,"2018"
"MRE Bio","Algae fuel","wikipedia","en","Algae_fuel","all-access","all-agents","monthly",2018-06-01,12042,"2018"
"MRE Bio","Algae fuel","wikipedia","en","Algae_fuel","all-access","all-agents","monthly",2018-07-01,10145,"2018"
"MRE Bio","Algae fuel","wikipedia","en","Algae_fuel","all-access","all-agents","monthly",2018-08-01,11457,"2018"
"MRE Bio","Algae fuel","wikipedia","en","Algae_fuel","all-access","all-agents","monthly",2018-09-01,12881,"2018"
"MRE Bio","Algae fuel","wikipedia","en","Algae_fuel","all-access","all-agents","monthly",2018-10-01,15301,"2018"
"MRE Bio","Algae fuel","wikipedia","en","Algae_fuel","all-access","all-agents","monthly",2018-11-01,14283,"2018"
"MRE Bio","Algae fuel","wikipedia","en","Algae_fuel","all-access","all-agents","monthly",2018-12-01,12229,"2018"
"MRE Bio","Algae fuel","wikipedia","en","Algae_fuel","all-access","all-agents","monthly",2019-01-01,11874,"2019"
"MRE Bio","Algae fuel","wikipedia","en","Algae_fuel","all-access","all-agents","monthly",2019-02-01,10847,"2019"
"MRE Bio","Algae fuel","wikipedia","en","Algae_fuel","all-access","all-agents","monthly",2019-03-01,11442,"2019"
"MRE Bio","Algae fuel","wikipedia","en","Algae_fuel","all-access","all-agents","monthly",2019-04-01,11387,"2019"
"MRE Bio","Algae fuel","wikipedia","en","Algae_fuel","all-access","all-agents","monthly",2019-05-01,11645,"2019"
"MRE Bio","Algae fuel","wikipedia","en","Algae_fuel","all-access","all-agents","monthly",2019-06-01,8647,"2019"
"MRE Bio","Algae fuel","wikipedia","en","Algae_fuel","all-access","all-agents","monthly",2019-07-01,9644,"2019"
"MRE Bio","Algae fuel","wikipedia","en","Algae_fuel","all-access","all-agents","monthly",2019-08-01,10766,"2019"
"MRE Bio","Algae fuel","wikipedia","en","Algae_fuel","all-access","all-agents","monthly",2019-09-01,13055,"2019"
"MRE Bio","Algae fuel","wikipedia","en","Algae_fuel","all-access","all-agents","monthly",2019-10-01,17424,"2019"
"MRE Bio","Algae fuel","wikipedia","en","Algae_fuel","all-access","all-agents","monthly",2019-11-01,26265,"2019"
"MRE Bio","Algae fuel","wikipedia","en","Algae_fuel","all-access","all-agents","monthly",2019-12-01,14545,"2019"
"MRE Bio","Algae fuel","wikipedia","en","Algae_fuel","all-access","all-agents","monthly",2020-01-01,12164,"2020"
"MRE Bio","Algae fuel","wikipedia","en","Algae_fuel","all-access","all-agents","monthly",2020-02-01,10214,"2020"
"MRE Bio","Algae fuel","wikipedia","en","Algae_fuel","all-access","all-agents","monthly",2020-03-01,8939,"2020"
"MRE Bio","Algae fuel","wikipedia","en","Algae_fuel","all-access","all-agents","monthly",2020-04-01,10500,"2020"
"MRE Bio","Algae fuel","wikipedia","en","Algae_fuel","all-access","all-agents","monthly",2020-05-01,8677,"2020"
"MRE Bio","Algae fuel","wikipedia","en","Algae_fuel","all-access","all-agents","monthly",2020-06-01,7558,"2020"
"MRE Bio","Algae fuel","wikipedia","en","Algae_fuel","all-access","all-agents","monthly",2020-07-01,7003,"2020"
"MRE Bio","Algae fuel","wikipedia","en","Algae_fuel","all-access","all-agents","monthly",2020-08-01,7265,"2020"
"MRE Bio","Algae fuel","wikipedia","en","Algae_fuel","all-access","all-agents","monthly",2020-09-01,9303,"2020"
"MRE Bio","Algae fuel","wikipedia","en","Algae_fuel","all-access","all-agents","monthly",2020-10-01,9667,"2020"
"MRE Bio","Algae fuel","wikipedia","en","Algae_fuel","all-access","all-agents","monthly",2020-11-01,9924,"2020"
"MRE Bio","Algae fuel","wikipedia","en","Algae_fuel","all-access","all-agents","monthly",2020-12-01,8809,"2020"
"MRE Bio","Algae fuel","wikipedia","en","Algae_fuel","all-access","all-agents","monthly",2021-01-01,8421,"2021"
"MRE Bio","Algae fuel","wikipedia","en","Algae_fuel","all-access","all-agents","monthly",2021-02-01,8606,"2021"
"MRE Bio","Algae fuel","wikipedia","en","Algae_fuel","all-access","all-agents","monthly",2021-03-01,9679,"2021"
"MRE Bio","Algae fuel","wikipedia","en","Algae_fuel","all-access","all-agents","monthly",2021-04-01,9475,"2021"
"MRE Bio","Algae fuel","wikipedia","en","Algae_fuel","all-access","all-agents","monthly",2021-05-01,8881,"2021"
"MRE Bio","Algae fuel","wikipedia","en","Algae_fuel","all-access","all-agents","monthly",2021-06-01,8403,"2021"
"MRE Bio","Algae fuel","wikipedia","en","Algae_fuel","all-access","all-agents","monthly",2021-07-01,8113,"2021"
"MRE Bio","Algae fuel","wikipedia","en","Algae_fuel","all-access","all-agents","monthly",2021-08-01,7470,"2021"
"MRE Bio","Algae fuel","wikipedia","en","Algae_fuel","all-access","all-agents","monthly",2021-09-01,7551,"2021"
"MRE Bio","Algae fuel","wikipedia","en","Algae_fuel","all-access","all-agents","monthly",2021-10-01,8066,"2021"
"MRE Bio","Algae fuel","wikipedia","en","Algae_fuel","all-access","all-agents","monthly",2021-11-01,8119,"2021"
"MRE Bio","Algae fuel","wikipedia","en","Algae_fuel","all-access","all-agents","monthly",2021-12-01,7413,"2021"
"MRE Bio","Algae fuel","wikipedia","en","Algae_fuel","all-access","all-agents","monthly",2022-01-01,10761,"2022"
"MRE Bio","Algae fuel","wikipedia","en","Algae_fuel","all-access","all-agents","monthly",2022-02-01,8764,"2022"
"MRE Bio","Algae fuel","wikipedia","en","Algae_fuel","all-access","all-agents","monthly",2022-03-01,10551,"2022"
"MRE Bio","Algae fuel","wikipedia","en","Algae_fuel","all-access","all-agents","monthly",2022-04-01,8950,"2022"
"MRE Bio","Algae fuel","wikipedia","en","Algae_fuel","all-access","all-agents","monthly",2022-05-01,9947,"2022"
"MRE Bio","Algae fuel","wikipedia","en","Algae_fuel","all-access","all-agents","monthly",2022-06-01,8396,"2022"
"MRE Bio","Algae fuel","wikipedia","en","Algae_fuel","all-access","all-agents","monthly",2022-07-01,7806,"2022"
"MRE Bio","Algae fuel","wikipedia","en","Algae_fuel","all-access","all-agents","monthly",2022-08-01,8475,"2022"
"MRE Bio","Algae fuel","wikipedia","en","Algae_fuel","all-access","all-agents","monthly",2022-09-01,9041,"2022"
"MRE Bio","Algae fuel","wikipedia","en","Algae_fuel","all-access","all-agents","monthly",2022-10-01,10007,"2022"
"MRE Bio","Algae fuel","wikipedia","en","Algae_fuel","all-access","all-agents","monthly",2022-11-01,11095,"2022"
"MRE Bio","Algae fuel","wikipedia","en","Algae_fuel","all-access","all-agents","monthly",2022-12-01,8685,"2022"
"MRE Bio","Algae fuel","wikipedia","en","Algae_fuel","all-access","all-agents","monthly",2023-01-01,8697,"2023"
"MRE Bio","Algae fuel","wikipedia","en","Algae_fuel","all-access","all-agents","monthly",2023-02-01,7524,"2023"
"MRE Bio","Algae fuel","wikipedia","en","Algae_fuel","all-access","all-agents","monthly",2023-03-01,8746,"2023"
"MRE Bio","Algae fuel","wikipedia","en","Algae_fuel","all-access","all-agents","monthly",2023-04-01,6916,"2023"
"MRE Bio","Algae fuel","wikipedia","en","Algae_fuel","all-access","all-agents","monthly",2023-05-01,6672,"2023"
"MRE Bio","Algae fuel","wikipedia","en","Algae_fuel","all-access","all-agents","monthly",2023-06-01,6483,"2023"
"MRE Bio","Algae fuel","wikipedia","en","Algae_fuel","all-access","all-agents","monthly",2023-07-01,6867,"2023"
"MRE Bio","Algae fuel","wikipedia","en","Algae_fuel","all-access","all-agents","monthly",2023-08-01,7552,"2023"
"MRE Bio","Algae fuel","wikipedia","en","Algae_fuel","all-access","all-agents","monthly",2023-09-01,8346,"2023"
"MRE Bio","Algae fuel","wikipedia","en","Algae_fuel","all-access","all-agents","monthly",2023-10-01,9355,"2023"
"MRE Bio","Algae fuel","wikipedia","en","Algae_fuel","all-access","all-agents","monthly",2023-11-01,7694,"2023"
"MRE Bio","Algae fuel","wikipedia","en","Algae_fuel","all-access","all-agents","monthly",2023-12-01,6623,"2023"
"MRE Bio","Algae fuel","wikipedia","en","Algae_fuel","all-access","all-agents","monthly",2024-01-01,7766,"2024"
"MRE Bio","Algae fuel","wikipedia","en","Algae_fuel","all-access","all-agents","monthly",2024-02-01,6700,"2024"
"MRE Bio","Algae fuel","wikipedia","en","Algae_fuel","all-access","all-agents","monthly",2024-03-01,7095,"2024"
"MRE Bio","Algae fuel","wikipedia","en","Algae_fuel","all-access","all-agents","monthly",2024-04-01,5928,"2024"
"MRE Bio","Algae fuel","wikipedia","en","Algae_fuel","all-access","all-agents","monthly",2024-05-01,5543,"2024"
"MRE Bio","Algae fuel","wikipedia","en","Algae_fuel","all-access","all-agents","monthly",2024-06-01,4922,"2024"
"MRE Bio","Algae fuel","wikipedia","en","Algae_fuel","all-access","all-agents","monthly",2024-07-01,5089,"2024"
"MRE Bio","Algae fuel","wikipedia","en","Algae_fuel","all-access","all-agents","monthly",2024-08-01,4936,"2024"
"MRE Bio","Algae fuel","wikipedia","en","Algae_fuel","all-access","all-agents","monthly",2024-09-01,5368,"2024"
"MRE Bio","Algae fuel","wikipedia","en","Algae_fuel","all-access","all-agents","monthly",2024-10-01,5110,"2024"
"MRE Bio","Algae fuel","wikipedia","en","Algae_fuel","all-access","all-agents","monthly",2024-11-01,4861,"2024"
"MRE Bio","Algae fuel","wikipedia","en","Algae_fuel","all-access","all-agents","monthly",2024-12-01,4413,"2024"
"MRE Located","Offshore wind power","wikipedia","en","Offshore_wind_power","all-access","all-agents","monthly",2015-10-01,8164,"2015"
"MRE Located","Offshore wind power","wikipedia","en","Offshore_wind_power","all-access","all-agents","monthly",2015-11-01,7872,"2015"
"MRE Located","Offshore wind power","wikipedia","en","Offshore_wind_power","all-access","all-agents","monthly",2015-12-01,6461,"2015"
"MRE Located","Offshore wind power","wikipedia","en","Offshore_wind_power","all-access","all-agents","monthly",2016-01-01,7193,"2016"
"MRE Located","Offshore wind power","wikipedia","en","Offshore_wind_power","all-access","all-agents","monthly",2016-02-01,8167,"2016"
"MRE Located","Offshore wind power","wikipedia","en","Offshore_wind_power","all-access","all-agents","monthly",2016-03-01,7762,"2016"
"MRE Located","Offshore wind power","wikipedia","en","Offshore_wind_power","all-access","all-agents","monthly",2016-04-01,7532,"2016"
"MRE Located","Offshore wind power","wikipedia","en","Offshore_wind_power","all-access","all-agents","monthly",2016-05-01,7864,"2016"
"MRE Located","Offshore wind power","wikipedia","en","Offshore_wind_power","all-access","all-agents","monthly",2016-06-01,6622,"2016"
"MRE Located","Offshore wind power","wikipedia","en","Offshore_wind_power","all-access","all-agents","monthly",2016-07-01,6369,"2016"
"MRE Located","Offshore wind power","wikipedia","en","Offshore_wind_power","all-access","all-agents","monthly",2016-08-01,7281,"2016"
"MRE Located","Offshore wind power","wikipedia","en","Offshore_wind_power","all-access","all-agents","monthly",2016-09-01,8885,"2016"
"MRE Located","Offshore wind power","wikipedia","en","Offshore_wind_power","all-access","all-agents","monthly",2016-10-01,10223,"2016"
"MRE Located","Offshore wind power","wikipedia","en","Offshore_wind_power","all-access","all-agents","monthly",2016-11-01,9989,"2016"
"MRE Located","Offshore wind power","wikipedia","en","Offshore_wind_power","all-access","all-agents","monthly",2016-12-01,8419,"2016"
"MRE Located","Offshore wind power","wikipedia","en","Offshore_wind_power","all-access","all-agents","monthly",2017-01-01,8974,"2017"
"MRE Located","Offshore wind power","wikipedia","en","Offshore_wind_power","all-access","all-agents","monthly",2017-02-01,8747,"2017"
"MRE Located","Offshore wind power","wikipedia","en","Offshore_wind_power","all-access","all-agents","monthly",2017-03-01,10458,"2017"
"MRE Located","Offshore wind power","wikipedia","en","Offshore_wind_power","all-access","all-agents","monthly",2017-04-01,8859,"2017"
"MRE Located","Offshore wind power","wikipedia","en","Offshore_wind_power","all-access","all-agents","monthly",2017-05-01,9592,"2017"
"MRE Located","Offshore wind power","wikipedia","en","Offshore_wind_power","all-access","all-agents","monthly",2017-06-01,7888,"2017"
"MRE Located","Offshore wind power","wikipedia","en","Offshore_wind_power","all-access","all-agents","monthly",2017-07-01,7684,"2017"
"MRE Located","Offshore wind power","wikipedia","en","Offshore_wind_power","all-access","all-agents","monthly",2017-08-01,8515,"2017"
"MRE Located","Offshore wind power","wikipedia","en","Offshore_wind_power","all-access","all-agents","monthly",2017-09-01,9104,"2017"
"MRE Located","Offshore wind power","wikipedia","en","Offshore_wind_power","all-access","all-agents","monthly",2017-10-01,11043,"2017"
"MRE Located","Offshore wind power","wikipedia","en","Offshore_wind_power","all-access","all-agents","monthly",2017-11-01,11861,"2017"
"MRE Located","Offshore wind power","wikipedia","en","Offshore_wind_power","all-access","all-agents","monthly",2017-12-01,8932,"2017"
"MRE Located","Offshore wind power","wikipedia","en","Offshore_wind_power","all-access","all-agents","monthly",2018-01-01,8630,"2018"
"MRE Located","Offshore wind power","wikipedia","en","Offshore_wind_power","all-access","all-agents","monthly",2018-02-01,8244,"2018"
"MRE Located","Offshore wind power","wikipedia","en","Offshore_wind_power","all-access","all-agents","monthly",2018-03-01,9629,"2018"
"MRE Located","Offshore wind power","wikipedia","en","Offshore_wind_power","all-access","all-agents","monthly",2018-04-01,10984,"2018"
"MRE Located","Offshore wind power","wikipedia","en","Offshore_wind_power","all-access","all-agents","monthly",2018-05-01,9863,"2018"
"MRE Located","Offshore wind power","wikipedia","en","Offshore_wind_power","all-access","all-agents","monthly",2018-06-01,9096,"2018"
"MRE Located","Offshore wind power","wikipedia","en","Offshore_wind_power","all-access","all-agents","monthly",2018-07-01,8339,"2018"
"MRE Located","Offshore wind power","wikipedia","en","Offshore_wind_power","all-access","all-agents","monthly",2018-08-01,7909,"2018"
"MRE Located","Offshore wind power","wikipedia","en","Offshore_wind_power","all-access","all-agents","monthly",2018-09-01,10645,"2018"
"MRE Located","Offshore wind power","wikipedia","en","Offshore_wind_power","all-access","all-agents","monthly",2018-10-01,10894,"2018"
"MRE Located","Offshore wind power","wikipedia","en","Offshore_wind_power","all-access","all-agents","monthly",2018-11-01,10050,"2018"
"MRE Located","Offshore wind power","wikipedia","en","Offshore_wind_power","all-access","all-agents","monthly",2018-12-01,9004,"2018"
"MRE Located","Offshore wind power","wikipedia","en","Offshore_wind_power","all-access","all-agents","monthly",2019-01-01,9723,"2019"
"MRE Located","Offshore wind power","wikipedia","en","Offshore_wind_power","all-access","all-agents","monthly",2019-02-01,8687,"2019"
"MRE Located","Offshore wind power","wikipedia","en","Offshore_wind_power","all-access","all-agents","monthly",2019-03-01,10785,"2019"
"MRE Located","Offshore wind power","wikipedia","en","Offshore_wind_power","all-access","all-agents","monthly",2019-04-01,10813,"2019"
"MRE Located","Offshore wind power","wikipedia","en","Offshore_wind_power","all-access","all-agents","monthly",2019-05-01,11362,"2019"
"MRE Located","Offshore wind power","wikipedia","en","Offshore_wind_power","all-access","all-agents","monthly",2019-06-01,8912,"2019"
"MRE Located","Offshore wind power","wikipedia","en","Offshore_wind_power","all-access","all-agents","monthly",2019-07-01,9950,"2019"
"MRE Located","Offshore wind power","wikipedia","en","Offshore_wind_power","all-access","all-agents","monthly",2019-08-01,10111,"2019"
"MRE Located","Offshore wind power","wikipedia","en","Offshore_wind_power","all-access","all-agents","monthly",2019-09-01,11048,"2019"
"MRE Located","Offshore wind power","wikipedia","en","Offshore_wind_power","all-access","all-agents","monthly",2019-10-01,14237,"2019"
"MRE Located","Offshore wind power","wikipedia","en","Offshore_wind_power","all-access","all-agents","monthly",2019-11-01,13405,"2019"
"MRE Located","Offshore wind power","wikipedia","en","Offshore_wind_power","all-access","all-agents","monthly",2019-12-01,10649,"2019"
"MRE Located","Offshore wind power","wikipedia","en","Offshore_wind_power","all-access","all-agents","monthly",2020-01-01,11830,"2020"
"MRE Located","Offshore wind power","wikipedia","en","Offshore_wind_power","all-access","all-agents","monthly",2020-02-01,10322,"2020"
"MRE Located","Offshore wind power","wikipedia","en","Offshore_wind_power","all-access","all-agents","monthly",2020-03-01,9938,"2020"
"MRE Located","Offshore wind power","wikipedia","en","Offshore_wind_power","all-access","all-agents","monthly",2020-04-01,10202,"2020"
"MRE Located","Offshore wind power","wikipedia","en","Offshore_wind_power","all-access","all-agents","monthly",2020-05-01,10291,"2020"
"MRE Located","Offshore wind power","wikipedia","en","Offshore_wind_power","all-access","all-agents","monthly",2020-06-01,9820,"2020"
"MRE Located","Offshore wind power","wikipedia","en","Offshore_wind_power","all-access","all-agents","monthly",2020-07-01,9414,"2020"
"MRE Located","Offshore wind power","wikipedia","en","Offshore_wind_power","all-access","all-agents","monthly",2020-08-01,9572,"2020"
"MRE Located","Offshore wind power","wikipedia","en","Offshore_wind_power","all-access","all-agents","monthly",2020-09-01,11419,"2020"
"MRE Located","Offshore wind power","wikipedia","en","Offshore_wind_power","all-access","all-agents","monthly",2020-10-01,13701,"2020"
"MRE Located","Offshore wind power","wikipedia","en","Offshore_wind_power","all-access","all-agents","monthly",2020-11-01,13956,"2020"
"MRE Located","Offshore wind power","wikipedia","en","Offshore_wind_power","all-access","all-agents","monthly",2020-12-01,15571,"2020"
"MRE Located","Offshore wind power","wikipedia","en","Offshore_wind_power","all-access","all-agents","monthly",2021-01-01,15220,"2021"
"MRE Located","Offshore wind power","wikipedia","en","Offshore_wind_power","all-access","all-agents","monthly",2021-02-01,13693,"2021"
"MRE Located","Offshore wind power","wikipedia","en","Offshore_wind_power","all-access","all-agents","monthly",2021-03-01,15545,"2021"
"MRE Located","Offshore wind power","wikipedia","en","Offshore_wind_power","all-access","all-agents","monthly",2021-04-01,14523,"2021"
"MRE Located","Offshore wind power","wikipedia","en","Offshore_wind_power","all-access","all-agents","monthly",2021-05-01,17571,"2021"
"MRE Located","Offshore wind power","wikipedia","en","Offshore_wind_power","all-access","all-agents","monthly",2021-06-01,13845,"2021"
"MRE Located","Offshore wind power","wikipedia","en","Offshore_wind_power","all-access","all-agents","monthly",2021-07-01,10994,"2021"
"MRE Located","Offshore wind power","wikipedia","en","Offshore_wind_power","all-access","all-agents","monthly",2021-08-01,9716,"2021"
"MRE Located","Offshore wind power","wikipedia","en","Offshore_wind_power","all-access","all-agents","monthly",2021-09-01,11254,"2021"
"MRE Located","Offshore wind power","wikipedia","en","Offshore_wind_power","all-access","all-agents","monthly",2021-10-01,13989,"2021"
"MRE Located","Offshore wind power","wikipedia","en","Offshore_wind_power","all-access","all-agents","monthly",2021-11-01,11804,"2021"
"MRE Located","Offshore wind power","wikipedia","en","Offshore_wind_power","all-access","all-agents","monthly",2021-12-01,10321,"2021"
"MRE Located","Offshore wind power","wikipedia","en","Offshore_wind_power","all-access","all-agents","monthly",2022-01-01,11626,"2022"
"MRE Located","Offshore wind power","wikipedia","en","Offshore_wind_power","all-access","all-agents","monthly",2022-02-01,11959,"2022"
"MRE Located","Offshore wind power","wikipedia","en","Offshore_wind_power","all-access","all-agents","monthly",2022-03-01,12650,"2022"
"MRE Located","Offshore wind power","wikipedia","en","Offshore_wind_power","all-access","all-agents","monthly",2022-04-01,12130,"2022"
"MRE Located","Offshore wind power","wikipedia","en","Offshore_wind_power","all-access","all-agents","monthly",2022-05-01,13704,"2022"
"MRE Located","Offshore wind power","wikipedia","en","Offshore_wind_power","all-access","all-agents","monthly",2022-06-01,12108,"2022"
"MRE Located","Offshore wind power","wikipedia","en","Offshore_wind_power","all-access","all-agents","monthly",2022-07-01,11458,"2022"
"MRE Located","Offshore wind power","wikipedia","en","Offshore_wind_power","all-access","all-agents","monthly",2022-08-01,13406,"2022"
"MRE Located","Offshore wind power","wikipedia","en","Offshore_wind_power","all-access","all-agents","monthly",2022-09-01,14069,"2022"
"MRE Located","Offshore wind power","wikipedia","en","Offshore_wind_power","all-access","all-agents","monthly",2022-10-01,12821,"2022"
"MRE Located","Offshore wind power","wikipedia","en","Offshore_wind_power","all-access","all-agents","monthly",2022-11-01,13397,"2022"
"MRE Located","Offshore wind power","wikipedia","en","Offshore_wind_power","all-access","all-agents","monthly",2022-12-01,10231,"2022"
"MRE Located","Offshore wind power","wikipedia","en","Offshore_wind_power","all-access","all-agents","monthly",2023-01-01,10760,"2023"
"MRE Located","Offshore wind power","wikipedia","en","Offshore_wind_power","all-access","all-agents","monthly",2023-02-01,11068,"2023"
"MRE Located","Offshore wind power","wikipedia","en","Offshore_wind_power","all-access","all-agents","monthly",2023-03-01,13597,"2023"
"MRE Located","Offshore wind power","wikipedia","en","Offshore_wind_power","all-access","all-agents","monthly",2023-04-01,11048,"2023"
"MRE Located","Offshore wind power","wikipedia","en","Offshore_wind_power","all-access","all-agents","monthly",2023-05-01,12187,"2023"
"MRE Located","Offshore wind power","wikipedia","en","Offshore_wind_power","all-access","all-agents","monthly",2023-06-01,11676,"2023"
"MRE Located","Offshore wind power","wikipedia","en","Offshore_wind_power","all-access","all-agents","monthly",2023-07-01,12067,"2023"
"MRE Located","Offshore wind power","wikipedia","en","Offshore_wind_power","all-access","all-agents","monthly",2023-08-01,12785,"2023"
"MRE Located","Offshore wind power","wikipedia","en","Offshore_wind_power","all-access","all-agents","monthly",2023-09-01,13344,"2023"
"MRE Located","Offshore wind power","wikipedia","en","Offshore_wind_power","all-access","all-agents","monthly",2023-10-01,15090,"2023"
"MRE Located","Offshore wind power","wikipedia","en","Offshore_wind_power","all-access","all-agents","monthly",2023-11-01,13054,"2023"
"MRE Located","Offshore wind power","wikipedia","en","Offshore_wind_power","all-access","all-agents","monthly",2023-12-01,10869,"2023"
"MRE Located","Offshore wind power","wikipedia","en","Offshore_wind_power","all-access","all-agents","monthly",2024-01-01,14114,"2024"
"MRE Located","Offshore wind power","wikipedia","en","Offshore_wind_power","all-access","all-agents","monthly",2024-02-01,11278,"2024"
"MRE Located","Offshore wind power","wikipedia","en","Offshore_wind_power","all-access","all-agents","monthly",2024-03-01,12916,"2024"
"MRE Located","Offshore wind power","wikipedia","en","Offshore_wind_power","all-access","all-agents","monthly",2024-04-01,11583,"2024"
"MRE Located","Offshore wind power","wikipedia","en","Offshore_wind_power","all-access","all-agents","monthly",2024-05-01,12372,"2024"
"MRE Located","Offshore wind power","wikipedia","en","Offshore_wind_power","all-access","all-agents","monthly",2024-06-01,9574,"2024"
"MRE Located","Offshore wind power","wikipedia","en","Offshore_wind_power","all-access","all-agents","monthly",2024-07-01,9314,"2024"
"MRE Located","Offshore wind power","wikipedia","en","Offshore_wind_power","all-access","all-agents","monthly",2024-08-01,8549,"2024"
"MRE Located","Offshore wind power","wikipedia","en","Offshore_wind_power","all-access","all-agents","monthly",2024-09-01,9727,"2024"
"MRE Located","Offshore wind power","wikipedia","en","Offshore_wind_power","all-access","all-agents","monthly",2024-10-01,10110,"2024"
"MRE Located","Offshore wind power","wikipedia","en","Offshore_wind_power","all-access","all-agents","monthly",2024-11-01,35526,"2024"
"MRE Located","Offshore wind power","wikipedia","en","Offshore_wind_power","all-access","all-agents","monthly",2024-12-01,7610,"2024"
"MRE Ocean","Tidal power","wikipedia","en","Tidal_power","all-access","all-agents","monthly",2015-10-01,36078,"2015"
"MRE Ocean","Tidal power","wikipedia","en","Tidal_power","all-access","all-agents","monthly",2015-11-01,36503,"2015"
"MRE Ocean","Tidal power","wikipedia","en","Tidal_power","all-access","all-agents","monthly",2015-12-01,32366,"2015"
"MRE Ocean","Tidal power","wikipedia","en","Tidal_power","all-access","all-agents","monthly",2016-01-01,34899,"2016"
"MRE Ocean","Tidal power","wikipedia","en","Tidal_power","all-access","all-agents","monthly",2016-02-01,36827,"2016"
"MRE Ocean","Tidal power","wikipedia","en","Tidal_power","all-access","all-agents","monthly",2016-03-01,34403,"2016"
"MRE Ocean","Tidal power","wikipedia","en","Tidal_power","all-access","all-agents","monthly",2016-04-01,35415,"2016"
"MRE Ocean","Tidal power","wikipedia","en","Tidal_power","all-access","all-agents","monthly",2016-05-01,38934,"2016"
"MRE Ocean","Tidal power","wikipedia","en","Tidal_power","all-access","all-agents","monthly",2016-06-01,27547,"2016"
"MRE Ocean","Tidal power","wikipedia","en","Tidal_power","all-access","all-agents","monthly",2016-07-01,21908,"2016"
"MRE Ocean","Tidal power","wikipedia","en","Tidal_power","all-access","all-agents","monthly",2016-08-01,26533,"2016"
"MRE Ocean","Tidal power","wikipedia","en","Tidal_power","all-access","all-agents","monthly",2016-09-01,29024,"2016"
"MRE Ocean","Tidal power","wikipedia","en","Tidal_power","all-access","all-agents","monthly",2016-10-01,43607,"2016"
"MRE Ocean","Tidal power","wikipedia","en","Tidal_power","all-access","all-agents","monthly",2016-11-01,45299,"2016"
"MRE Ocean","Tidal power","wikipedia","en","Tidal_power","all-access","all-agents","monthly",2016-12-01,32998,"2016"
"MRE Ocean","Tidal power","wikipedia","en","Tidal_power","all-access","all-agents","monthly",2017-01-01,35334,"2017"
"MRE Ocean","Tidal power","wikipedia","en","Tidal_power","all-access","all-agents","monthly",2017-02-01,34450,"2017"
"MRE Ocean","Tidal power","wikipedia","en","Tidal_power","all-access","all-agents","monthly",2017-03-01,38315,"2017"
"MRE Ocean","Tidal power","wikipedia","en","Tidal_power","all-access","all-agents","monthly",2017-04-01,29742,"2017"
"MRE Ocean","Tidal power","wikipedia","en","Tidal_power","all-access","all-agents","monthly",2017-05-01,33286,"2017"
"MRE Ocean","Tidal power","wikipedia","en","Tidal_power","all-access","all-agents","monthly",2017-06-01,26449,"2017"
"MRE Ocean","Tidal power","wikipedia","en","Tidal_power","all-access","all-agents","monthly",2017-07-01,20671,"2017"
"MRE Ocean","Tidal power","wikipedia","en","Tidal_power","all-access","all-agents","monthly",2017-08-01,23844,"2017"
"MRE Ocean","Tidal power","wikipedia","en","Tidal_power","all-access","all-agents","monthly",2017-09-01,27401,"2017"
"MRE Ocean","Tidal power","wikipedia","en","Tidal_power","all-access","all-agents","monthly",2017-10-01,32950,"2017"
"MRE Ocean","Tidal power","wikipedia","en","Tidal_power","all-access","all-agents","monthly",2017-11-01,36302,"2017"
"MRE Ocean","Tidal power","wikipedia","en","Tidal_power","all-access","all-agents","monthly",2017-12-01,30085,"2017"
"MRE Ocean","Tidal power","wikipedia","en","Tidal_power","all-access","all-agents","monthly",2018-01-01,31919,"2018"
"MRE Ocean","Tidal power","wikipedia","en","Tidal_power","all-access","all-agents","monthly",2018-02-01,32901,"2018"
"MRE Ocean","Tidal power","wikipedia","en","Tidal_power","all-access","all-agents","monthly",2018-03-01,36610,"2018"
"MRE Ocean","Tidal power","wikipedia","en","Tidal_power","all-access","all-agents","monthly",2018-04-01,32583,"2018"
"MRE Ocean","Tidal power","wikipedia","en","Tidal_power","all-access","all-agents","monthly",2018-05-01,31869,"2018"
"MRE Ocean","Tidal power","wikipedia","en","Tidal_power","all-access","all-agents","monthly",2018-06-01,24044,"2018"
"MRE Ocean","Tidal power","wikipedia","en","Tidal_power","all-access","all-agents","monthly",2018-07-01,21440,"2018"
"MRE Ocean","Tidal power","wikipedia","en","Tidal_power","all-access","all-agents","monthly",2018-08-01,23197,"2018"
"MRE Ocean","Tidal power","wikipedia","en","Tidal_power","all-access","all-agents","monthly",2018-09-01,26939,"2018"
"MRE Ocean","Tidal power","wikipedia","en","Tidal_power","all-access","all-agents","monthly",2018-10-01,31141,"2018"
"MRE Ocean","Tidal power","wikipedia","en","Tidal_power","all-access","all-agents","monthly",2018-11-01,33968,"2018"
"MRE Ocean","Tidal power","wikipedia","en","Tidal_power","all-access","all-agents","monthly",2018-12-01,28235,"2018"
"MRE Ocean","Tidal power","wikipedia","en","Tidal_power","all-access","all-agents","monthly",2019-01-01,27824,"2019"
"MRE Ocean","Tidal power","wikipedia","en","Tidal_power","all-access","all-agents","monthly",2019-02-01,27645,"2019"
"MRE Ocean","Tidal power","wikipedia","en","Tidal_power","all-access","all-agents","monthly",2019-03-01,30543,"2019"
"MRE Ocean","Tidal power","wikipedia","en","Tidal_power","all-access","all-agents","monthly",2019-04-01,27985,"2019"
"MRE Ocean","Tidal power","wikipedia","en","Tidal_power","all-access","all-agents","monthly",2019-05-01,30734,"2019"
"MRE Ocean","Tidal power","wikipedia","en","Tidal_power","all-access","all-agents","monthly",2019-06-01,22490,"2019"
"MRE Ocean","Tidal power","wikipedia","en","Tidal_power","all-access","all-agents","monthly",2019-07-01,20718,"2019"
"MRE Ocean","Tidal power","wikipedia","en","Tidal_power","all-access","all-agents","monthly",2019-08-01,22217,"2019"
"MRE Ocean","Tidal power","wikipedia","en","Tidal_power","all-access","all-agents","monthly",2019-09-01,26249,"2019"
"MRE Ocean","Tidal power","wikipedia","en","Tidal_power","all-access","all-agents","monthly",2019-10-01,31099,"2019"
"MRE Ocean","Tidal power","wikipedia","en","Tidal_power","all-access","all-agents","monthly",2019-11-01,32860,"2019"
"MRE Ocean","Tidal power","wikipedia","en","Tidal_power","all-access","all-agents","monthly",2019-12-01,29229,"2019"
"MRE Ocean","Tidal power","wikipedia","en","Tidal_power","all-access","all-agents","monthly",2020-01-01,25949,"2020"
"MRE Ocean","Tidal power","wikipedia","en","Tidal_power","all-access","all-agents","monthly",2020-02-01,25420,"2020"
"MRE Ocean","Tidal power","wikipedia","en","Tidal_power","all-access","all-agents","monthly",2020-03-01,21866,"2020"
"MRE Ocean","Tidal power","wikipedia","en","Tidal_power","all-access","all-agents","monthly",2020-04-01,22975,"2020"
"MRE Ocean","Tidal power","wikipedia","en","Tidal_power","all-access","all-agents","monthly",2020-05-01,23232,"2020"
"MRE Ocean","Tidal power","wikipedia","en","Tidal_power","all-access","all-agents","monthly",2020-06-01,18683,"2020"
"MRE Ocean","Tidal power","wikipedia","en","Tidal_power","all-access","all-agents","monthly",2020-07-01,15066,"2020"
"MRE Ocean","Tidal power","wikipedia","en","Tidal_power","all-access","all-agents","monthly",2020-08-01,15792,"2020"
"MRE Ocean","Tidal power","wikipedia","en","Tidal_power","all-access","all-agents","monthly",2020-09-01,19828,"2020"
"MRE Ocean","Tidal power","wikipedia","en","Tidal_power","all-access","all-agents","monthly",2020-10-01,22100,"2020"
"MRE Ocean","Tidal power","wikipedia","en","Tidal_power","all-access","all-agents","monthly",2020-11-01,23105,"2020"
"MRE Ocean","Tidal power","wikipedia","en","Tidal_power","all-access","all-agents","monthly",2020-12-01,21175,"2020"
"MRE Ocean","Tidal power","wikipedia","en","Tidal_power","all-access","all-agents","monthly",2021-01-01,20471,"2021"
"MRE Ocean","Tidal power","wikipedia","en","Tidal_power","all-access","all-agents","monthly",2021-02-01,21337,"2021"
"MRE Ocean","Tidal power","wikipedia","en","Tidal_power","all-access","all-agents","monthly",2021-03-01,24791,"2021"
"MRE Ocean","Tidal power","wikipedia","en","Tidal_power","all-access","all-agents","monthly",2021-04-01,19753,"2021"
"MRE Ocean","Tidal power","wikipedia","en","Tidal_power","all-access","all-agents","monthly",2021-05-01,19315,"2021"
"MRE Ocean","Tidal power","wikipedia","en","Tidal_power","all-access","all-agents","monthly",2021-06-01,16274,"2021"
"MRE Ocean","Tidal power","wikipedia","en","Tidal_power","all-access","all-agents","monthly",2021-07-01,17723,"2021"
"MRE Ocean","Tidal power","wikipedia","en","Tidal_power","all-access","all-agents","monthly",2021-08-01,16705,"2021"
"MRE Ocean","Tidal power","wikipedia","en","Tidal_power","all-access","all-agents","monthly",2021-09-01,17764,"2021"
"MRE Ocean","Tidal power","wikipedia","en","Tidal_power","all-access","all-agents","monthly",2021-10-01,19204,"2021"
"MRE Ocean","Tidal power","wikipedia","en","Tidal_power","all-access","all-agents","monthly",2021-11-01,20577,"2021"
"MRE Ocean","Tidal power","wikipedia","en","Tidal_power","all-access","all-agents","monthly",2021-12-01,18225,"2021"
"MRE Ocean","Tidal power","wikipedia","en","Tidal_power","all-access","all-agents","monthly",2022-01-01,19295,"2022"
"MRE Ocean","Tidal power","wikipedia","en","Tidal_power","all-access","all-agents","monthly",2022-02-01,18793,"2022"
"MRE Ocean","Tidal power","wikipedia","en","Tidal_power","all-access","all-agents","monthly",2022-03-01,20605,"2022"
"MRE Ocean","Tidal power","wikipedia","en","Tidal_power","all-access","all-agents","monthly",2022-04-01,17182,"2022"
"MRE Ocean","Tidal power","wikipedia","en","Tidal_power","all-access","all-agents","monthly",2022-05-01,15738,"2022"
"MRE Ocean","Tidal power","wikipedia","en","Tidal_power","all-access","all-agents","monthly",2022-06-01,15412,"2022"
"MRE Ocean","Tidal power","wikipedia","en","Tidal_power","all-access","all-agents","monthly",2022-07-01,15463,"2022"
"MRE Ocean","Tidal power","wikipedia","en","Tidal_power","all-access","all-agents","monthly",2022-08-01,16603,"2022"
"MRE Ocean","Tidal power","wikipedia","en","Tidal_power","all-access","all-agents","monthly",2022-09-01,17791,"2022"
"MRE Ocean","Tidal power","wikipedia","en","Tidal_power","all-access","all-agents","monthly",2022-10-01,17688,"2022"
"MRE Ocean","Tidal power","wikipedia","en","Tidal_power","all-access","all-agents","monthly",2022-11-01,21698,"2022"
"MRE Ocean","Tidal power","wikipedia","en","Tidal_power","all-access","all-agents","monthly",2022-12-01,18019,"2022"
"MRE Ocean","Tidal power","wikipedia","en","Tidal_power","all-access","all-agents","monthly",2023-01-01,17739,"2023"
"MRE Ocean","Tidal power","wikipedia","en","Tidal_power","all-access","all-agents","monthly",2023-02-01,14611,"2023"
"MRE Ocean","Tidal power","wikipedia","en","Tidal_power","all-access","all-agents","monthly",2023-03-01,16857,"2023"
"MRE Ocean","Tidal power","wikipedia","en","Tidal_power","all-access","all-agents","monthly",2023-04-01,13461,"2023"
"MRE Ocean","Tidal power","wikipedia","en","Tidal_power","all-access","all-agents","monthly",2023-05-01,16762,"2023"
"MRE Ocean","Tidal power","wikipedia","en","Tidal_power","all-access","all-agents","monthly",2023-06-01,14336,"2023"
"MRE Ocean","Tidal power","wikipedia","en","Tidal_power","all-access","all-agents","monthly",2023-07-01,11949,"2023"
"MRE Ocean","Tidal power","wikipedia","en","Tidal_power","all-access","all-agents","monthly",2023-08-01,12539,"2023"
"MRE Ocean","Tidal power","wikipedia","en","Tidal_power","all-access","all-agents","monthly",2023-09-01,13416,"2023"
"MRE Ocean","Tidal power","wikipedia","en","Tidal_power","all-access","all-agents","monthly",2023-10-01,15294,"2023"
"MRE Ocean","Tidal power","wikipedia","en","Tidal_power","all-access","all-agents","monthly",2023-11-01,15492,"2023"
"MRE Ocean","Tidal power","wikipedia","en","Tidal_power","all-access","all-agents","monthly",2023-12-01,15170,"2023"
"MRE Ocean","Tidal power","wikipedia","en","Tidal_power","all-access","all-agents","monthly",2024-01-01,19347,"2024"
"MRE Ocean","Tidal power","wikipedia","en","Tidal_power","all-access","all-agents","monthly",2024-02-01,15138,"2024"
"MRE Ocean","Tidal power","wikipedia","en","Tidal_power","all-access","all-agents","monthly",2024-03-01,15232,"2024"
"MRE Ocean","Tidal power","wikipedia","en","Tidal_power","all-access","all-agents","monthly",2024-04-01,14186,"2024"
"MRE Ocean","Tidal power","wikipedia","en","Tidal_power","all-access","all-agents","monthly",2024-05-01,14856,"2024"
"MRE Ocean","Tidal power","wikipedia","en","Tidal_power","all-access","all-agents","monthly",2024-06-01,11383,"2024"
"MRE Ocean","Tidal power","wikipedia","en","Tidal_power","all-access","all-agents","monthly",2024-07-01,11106,"2024"
"MRE Ocean","Tidal power","wikipedia","en","Tidal_power","all-access","all-agents","monthly",2024-08-01,11300,"2024"
"MRE Ocean","Tidal power","wikipedia","en","Tidal_power","all-access","all-agents","monthly",2024-09-01,11937,"2024"
"MRE Ocean","Tidal power","wikipedia","en","Tidal_power","all-access","all-agents","monthly",2024-10-01,13388,"2024"
"MRE Ocean","Tidal power","wikipedia","en","Tidal_power","all-access","all-agents","monthly",2024-11-01,12987,"2024"
"MRE Ocean","Tidal power","wikipedia","en","Tidal_power","all-access","all-agents","monthly",2024-12-01,11023,"2024"
