Company,companyName (linkedin),companyUrl (linkedin),activityArea (linkedin),confidence (linkedin),search company status,Company name (linkedin),Company universalName (linkedin),Company website (linkedin),Company linkedin url (linkedin),Company founded on (linkedin),Company tagline (linkedin),Company staff count range (linkedin),Company staff (linkedin),Company phone number (linkedin),Company country (linkedin),Company geographic area (linkedin),Company city (linkedin),Company postal code (linkedin),Company street address (linkedin),Company id (linkedin),Company associated hashtags (linkedin),Company industries (linkedin),Company specialities (linkedin),Company description (linkedin),Company followers (linkedin),Company funding rounds (linkedin),Company last funding money raised (linkedin),Company last funding announced on (linkedin),enrich companies status
Atmocean,,,,,Not found,,,,,2006,,,,,,,,,,,,,,,,,,,
OceanBased Climate Solutions,ocean based climate solutions inc,https://www.linkedin.com/company/ocean-based-climate-solutions-inc,,,Not found,"Ocean-Based Climate Solutions, Inc.",ocean-based-climate-solutions-inc,https://www.ocean-based.com/,https://www.linkedin.com/company/ocean-based-climate-solutions-inc,2018,"We convert CO2 emissions into ocean fish food, boosting marine life and sequestering CO2, providing real-time MRV.",10-Feb,2,15054570190,US,New Mexico,Santa Fe,,Santa Fe Trail,14420349,"oceans, netzero, climate",Environmental Services,"carbon dioxide removal, ocean ecosystem restoration, phytoplankton regeneration, marine carbon dioxide removal, carbon capture, carbon sequestration, marine life regeneration, wave power, ocean data, open ocean, artificial upwelling, ocean upwelling","As our name implies, Ocean-based Climate Solutions, Inc. (""Ocean-based""‚Äã) is focused on leveraging and amplifying the ocean's natural countermeasures to climate change. The oceans cover 70% of the earth's surface and absorb up to 50% of excess CO2 from fossil fuel emissions. But recent studies suggest this natural carbon sink is declining due to warming.

Our suite of ocean technologies can help restore and amplify these natural processes without any negative impact on marine ecosystems.

Ocean-based is a privately-held company based in the USA, whose parent company Atmocean, Inc. (www.atmocean.com), was founded in 2006. It was recognized as a wave energy leader in 2012 by Sandia National Laboratories; awarded grants from Oregon Wave Energy Trust and the UK Technology Strategies Board; since 2006, conducted over 100 days of ocean testing offshore Texas, California, Oregon, Hawaii, Peru, and Newfoundland Canada; and performed wave tank testing at Plymouth University (UK), and Texas A&M University.

This year, Ocean-based is pleased to introduce its Corporate Gigaton Challenge as an alternative financing mechanism to remove CO2. The target is one gigaton of cumulative CO2 removed within 15 years, using technologies provided by Ocean-based.

Under this program, multinational corporations fund the deployment of CO2-removal technologies by issuing common stock rather than paying in cash. Rather than reduce corporate earnings, this program expands the number of shares issued, with the corporate market capitalization recovered as investors allocate more funds to public companies with higher ""ESG""‚Äã profiles. With higher market cap, the net result is the company eliminates its CO2 footprint at zero or even ""negative""‚Äã cost.

For more information, please visit https://www.ocean-based.com/",912,1,50000 USD,8/6/2021,Found
BioSink,,,,,Not found,,,,,2012,,,,,,,,,,,,,,,,,,,
Carboniferous,carboniferous,https://www.linkedin.com/company/76198669,Environmental Services,1,Found,Carboniferous,carboniferous,http://carboniferous.co,https://www.linkedin.com/company/carboniferous,2021,Anoxic Biomass Carbon Sequestration,10-Feb,4,,US,Texas,Houston,77004,,76198669,"carbon, dac, cdr",Environmental Services,"carbon, carbon sequestration, commodities, ocean science, soil science",Carboniferous sequesters carbon that has been biologically fixed through anoxic biological preservation. ,704,1,,1/1/2023,Found
Carbonwave,carbonwave,https://www.linkedin.com/company/36143056,Consumer Goods,0.5,Found,Carbonwave,carbonwaveseaweed,http://carbonwave.com,https://www.linkedin.com/company/carbonwaveseaweed,2020,"Using seaweed to address regenerative agriculture, sustainable manufacturing, and scalable carbon sequestration. ",Nov-50,38,,PR,,San Juan,,,36143056,"carbonoffset, seaweed, climatechange",Manufacturing,"seaweed, bioplastics, biostimulants, fertilizers, organic, alginate, carbon sequestration, carbon offset, carbon capture, sustainable fashion, plant based, cosmetics, emulsifiers, non woven textiles, biomaterials, biomass processing, polysaccharides, Sargassum, Beach cleanup, Regeneration","Founded in January 2020, Carbonwave (previously C-Combinator) is the world's leading developer of ultra-regenerative, plant-based, advanced biomaterials from seaweed. It transforms Sargassum seaweed, a resource long considered waste and that doesn‚Äôt need land or other typical aids to grow, into biomaterials which replace derivatives from oil and other harmful industry inputs. Carbonwave is part of a new wave of companies that are building the next-generation economies that will heal the planet through materials that regeneratively sourced from our oceans.
 
Carbonwave is focused on collecting, processing and growing seaweed profitably at scale. We are marketing seaweed extracts to the agricultural industry as organic fertilizers and biostimulants; plant-based (vegan) leathers for fashion and interiors; and broad-spectrum emulsifiers with a wide range of applications across cosmetics and skin-care products.
 ",5358,5,100000 USD,1/24/2024,Found
CROPS,crops xprize,https://www.linkedin.com/company/crops-xprize,,,Found,CROPS XPRIZE,crops-xprize,http://www.crops-xprize.com/,https://www.linkedin.com/company/crops-xprize,2022,The CROPS System for carbon capture and permanent sequestration of gigatons of carbon per year is available now.,Nov-50,1,,,,,,,77678504,"carboncapture, cropsxprize, carbonneutral",Environmental Services,,"The CROPS System for carbon capture and permanent sequestration is available now. Affordable, safe, verifiable, and massively scalable rapidly.

#carboncapture
#carbonneutral
#climatecrissis
",11,,,,Found
CSINK,,,,,Not found,,,,,2020,,,,,,,,,,,,,,,,,,,
Rewind,rewindearth,https://www.linkedin.com/company/rewindearth,Environmental Services,0.13,Found,Rewind,rewindearth,https://www.rewind.earth/,https://www.linkedin.com/company/rewindearth,2022,Rewind Climate Change,Nov-50,9,,IL,,Tel Aviv - Yafo,,Yigal Alon,82173893,"carbonremoval, rewind, climatechange",Environmental Services,"Climate Change, Carbon Removal, Sustainability","We are a mission-driven company of scientists, technologists, and entrepreneurs. Working together to restore the earth's carbon balance by storing organic carbon in the deep anoxic bottom of the Black Sea. ",1595,2,2000000 USD,3/1/2023,Found
SOS Carbon,sos carbon,https://www.linkedin.com/company/68827771,Environmental Services,0.5,Found,SOS Carbon,soscarbon,http://www.soscarbon.com,https://www.linkedin.com/company/soscarbon,2020,We provide the most cost-effective & responsible systems for sargassum collection and processing for CO2 sequestration.,Nov-50,6,+1 (829) 553-3535,DO,,Punta Cana,,,68827771,"lcmsystem, sargassumfree, soscarbon",Environmental Services,,"Mission: To provide the most cost-effective & responsible solutions for sargassum collection,  disposal, and transformation minimizing sargassum's economic, ecological, human health and environmental impacts.

Vision: To transform an environmental, economic, and coastal community health crisis into new sustainable and positive-impact industries for job creation and social and economic development for regional resilience and global climate change impact.",2700,,,,Found
Solid Carbon,solid carbon,https://www.linkedin.com/company/89699676,Environmental Services,0.5,Found,Solid Carbon,solidcarbon,http://www.solidcarbon.ca,https://www.linkedin.com/company/solidcarbon,2009,A Rock Solid Climate Solution,1,0,,CA,BC,Victoria,V8N 1V8,#100- 2474 Arbutus Road,89699676,"climatesolutions, solidcarbon, negativeemissionstechnology",Environmental Services,,"Solid Carbon is developing an offshore negative emissions technology that aims to turn carbon dioxide (CO2) into rock. It is currently led as project by Ocean Networks Canada along with an international team of researchers committed to advancing technology to draw CO2 from the air and inject it below the seafloor into ocean basalt. There, it reacts with the basalt and mineralizes into rock, providing a durable and vast reservoir for removal of CO2 emissions. This ambitious project follows a globally scalable systems approach that is urgently required to meet planetary climate targets.",166,,,,Found
Univ Texas Austin,,,,,Not found,,,,,,,,,,,,,,,,,,,,,,,,
Fearless Carbon,,,,,Not found,,,,,,,,,,,,,,,,,,,,,,,,
First Gigaton,,,,,Not found,,,,,2021,,,,,,,,,,,,,,,,,,,
King Tide Carbon,king tide carbon pte. ltd,https://www.linkedin.com/company/94283384,Environmental Quality Programs,1,Found,King Tide Carbon PTE. LTD,kingtide-carbon,https://www.kingtidecarbon.com/,https://www.linkedin.com/company/kingtide-carbon,2023,King Tide is a biosynthetic algae & seaweed carbon sequestration as-a-service company.,10-Feb,1,,,,,,,94283384,"kingtidecarbon, carbonsequester, carbonneutral",Government Administration,,"King Tide is a biosynthetic algae & seaweed carbon sequestration as-a-service company with a mission to produce biosynthetic based climate-positive biomass in the ocean to deliver a sustainable, scalable and high quality carbon credit with certainty of supply to support the developed world commitment to net zero carbon by 2050.",32,,,,Found
Pull to Refresh,pull to refresh inc.,https://www.linkedin.com/company/74094167,Environmental Services,0.5,Found,Pull To Refresh Inc.,pulltorefresh,https://pulltorefresh.earth,https://www.linkedin.com/company/pulltorefresh,2021,Carbon removal with BoatBots that sink seaweed,10-Feb,4,,US,CA,San Francisco,94102,,74094167,"carbonremoval, oceantechnology, climatesolutions",Environmental Services,"Robotics, Composites, Biomass, Carbon Removal, Seaweed, Climate, Oceans, sargassum, invasive seaweed, VIAM, Unity, AI","Invasive seaweed is clogging sea lanes and disrupting the hospitality industry across the Caribbean. When large amounts of this seaweed hit coastal communities, they cause both ecological and economic damage.

We are developing BoatBots to intercept and sink this invasive seaweed before it reaches the shore. This will protect coral reefs, sea turtles, and native seaweed habitats, while also preserving the beauty of beaches that attract tourists‚Äîan essential source of income for local economies.

By sinking the seaweed to sufficient depths, we effectively lock away carbon for centuries, helping to mitigate climate change by reducing the overall CO2 in the atmosphere and its contribution to the greenhouse effect.

With $25,000 in angel investment and a pilot pre-sale of $10,000 in future carbon removal, we are poised to tap into the growing market for emission reversal technologies. This demand will only increase as corporations seek to meet their net-zero targets.

A recent report suggests the global carbon removal market could reach $100 billion annually by 2035. 

Read more here:
https://www.oliverwyman.com/media-center/2024/jun/global-carbon-dioxide-removal-market-could-reach-dollar-100-billion-between-2030-35-with-targeted-interventions.html  

Companies are seeking carbon removal solutions that are durable, accurate, and scalable to meet their net-zero goals in 5- to 10-year timeframes. Pull To Refresh is well-positioned to develop the necessary technology to meet this demand but we need great people to join us in this journey to make it a reality. 

If you are brave, bold, and skilled or offer resources that can further this vision please get in touch.",491,1,,7/31/2024,Found
RunningTide,runningtide,https://www.linkedin.com/company/runningtide,,,Not found,Running Tide,runningtide,http://www.runningtide.com,https://www.linkedin.com/company/runningtide,2017,The global ocean health company.,51-200,28,,US,Maine,Portland,4101,,69456430,"seafood, climateaction, aquaculture",Environmental Services,"Aquaculture, oysters, kelp, seafood, Climate Change, Sustainability, Sequestration, Data Science, Oceanography, Marine Resources, carbon capture",Rebalancing the natural carbon cycle and deacidifying the ocean. ,10534,5,250000 USD,7/11/2023,Found
Seaweed Carbon Solutions,,,,,Not found,,,,,2022,,,,,,,,,,,,,,,,,,,
Seaweed Generation,,,,,Not found,,,,,2021,,,,,,,,,,,,,,,,,,,
Sinkco Labs,sinkco labs,https://www.linkedin.com/company/78415491,Environmental Services,1,Found,Sinkco Labs,sinkco-labs,https://www.sinkcolabs.com/,https://www.linkedin.com/company/sinkco-labs,2019,"Permanent carbon storage in marine sediments, optimized for supply chain decarbonization.",10-Feb,8,,US,,New York City,,,78415491,"sustainability, sinkcolabs, carbonsequestration",Environmental Services,,"Sinkco Labs has developed a biogeomimetic process for carbon removal leveraging marine sediments, an existing carbon sink. The process stabilizes organic carbon permanently in the anoxic layer of marine sediments. Moreover, the process delivers agricultural supply chain decarbonization - a co-benefit and additional revenue stream. Currently operating on stealth.",815,1,,4/1/2022,Found
Springtide Seaweed,"springtide seaweed, llc",https://www.linkedin.com/company/11242099,Fisheries,1,Found,"Springtide Seaweed, LLC",springtide-seaweed-llc,http://www.springtideseaweed.com,https://www.linkedin.com/company/springtide-seaweed-llc,2017,,10-Feb,2,,US,Maine,Gouldsboro,4607,14 Factory Rd,11242099,,Fisheries,,"Growing sustainably raised aquacultured seaweed along with providing nursery services and educational programs. Producer and processor of organic and conventional seaweed ingredients for the food, nutraceutical, and agricultural industries.",206,2,25000 USD,4/10/2018,Found
Phycos,phycosol,https://www.linkedin.com/company/104883279,Environmental Services,0.33,Found,PHYCOSOL,phycosol,http://www.phycosoltech.com,https://www.linkedin.com/company/phycosol,2024,"""Harnessing Nature""",10-Feb,7,,IN,TAMIL NADU,CHENNAI,,,104883279,,Environmental Services,"#CleanTech, #Sustainability, #wastewater treatment, #Carbon sequestration","PhycoSol is at the forefront of wastewater treatment and environmental restoration, utilizing cutting-edge algae-based technology. Our innovative solutions, inspired by nature, tackle contemporary industrial challenges while promoting sustainability. We are dedicated to shaping a greener future with precision-engineered, eco-friendly approaches.",112,,,,Found
Ebb Carbon,ebb carbon,https://www.linkedin.com/company/76595094,Environmental Services,1,Found,Ebb Carbon,ebb-carbon,http://www.ebbcarbon.com,https://www.linkedin.com/company/ebb-carbon,2021,Ebb Carbon removes CO2 from the air by accelerating the ocean‚Äôs natural ability to capture and store carbon.,Nov-50,39,,US,CA,South San Francisco,,,76595094,,Environmental Services,"climatetech, carbon capture, carbon offsets, carbon sequestration, climate change, electrochemistry, marine biology, ocean health, carbon removal, marine carbon dioxide removal, ocean alkalinity enhancement, mirth, ocean deacidification","Turning the tide on carbon change. 

Ebb Carbon is pioneering a new carbon removal solution by enhancing the ocean‚Äôs natural ability to safely store CO‚ÇÇ. Our electrochemical ocean alkalinity enhancement method has the potential to be one of the largest scale and lowest cost approaches to removing excess CO‚ÇÇ, while reducing ocean acidity.",5834,3,,10/18/2023,Found
Equatic,equatic.tech,https://www.linkedin.com/company/92752518,Climate Technology Product Manufacturing,0.33,Found,Equatic.tech,equatic-tech,https://www.equatic.tech/,https://www.linkedin.com/company/equatic-tech,2019,Enabling the decarbonized economy,Nov-50,12,,US,CA,Santa Monica,90402,502 20th Street Santa Monica,92752518,,Renewable Energy Semiconductor Manufacturing,"Carbon-negative hydrogen, Ocean carbon dioxide removal, Flow-through seawater electrolysis, hydrogen, CDR, Carbon Dioxide Removal, Green hydrogen, CDR credits, SAF, Sustainable Aviation Fuel",Equatic powers the green economy. Our seawater electrolysis couples carbon dioxide removal (CDR) from the atmosphere with the generation of  green hydrogen at the lowest costs.,3738,3,,9/19/2024,Found
Brilliant Planet,brilliant planet,https://www.linkedin.com/company/84075574,Environmental Services,1,Found,Brilliant Planet,brilliantplanet,https://www.brilliantplanet.com,https://www.linkedin.com/company/brilliantplanet,2013,Unlocking nature to permanently remove carbon at gigaton scale ,Nov-50,27,,GB,,Harpenden,AL5 2JQ,"Russell Building, West Common",84075574,"alage, carbonremoval, climatetech",Environmental Services,,"Brilliant Planet is unlocking the power of algae as an affordable method of permanently and quantifiably sequestering carbon at the gigaton scale.  The company‚Äôs innovative process enables vast quantities of microalgae to grow in open-air pond-based systems on costal desert land.  This is achieved without using fresh water, by harnessing a natural process that contributes to the health of oceans and air.",10272,4,12000000 USD,4/6/2022,Found
Capture6,capture6,https://www.linkedin.com/company/78472174,Environmental Services,0.33,Found,Capture6,capture6,http://www.capture6.org,https://www.linkedin.com/company/capture6,,Large-scale direct air capture for the net-zero economy,Nov-50,26,,US,California,Berkeley,,,78472174,"carbonremoval, directaircapture, carboncapture",Environmental Services,,"We help businesses, governments, and communities mitigate the risks of climate change through direct air capture. We are the first in market to offer permanent million-ton direct air capture installations  ‚Äì solutions that are safe, permanent, to benefit people and the planet.",6033,6,27500000 USD,3/11/2025,Found
Cequest,cequest,https://www.linkedin.com/company/71368551,Environmental Services,0.33,Found,Cequest,cequest,http://www.cequest.com.au,https://www.linkedin.com/company/cequest,2021,"Ocean carbon sequestration technology, projects and advisory
(a for-purpose company)",10-Feb,0,61408900128,AU,,Melbourne,,TBC,71368551,"bluecarbon, oceancarbon, carbonoffsetprojects",Environmental Services,"Carbon Advisory Services, Project Management, Carbon Auditing and Assurance, Ocean Carbon Sequestration Technology , Environmental Consulting , Carbon Consulting ","Ocean carbon sequestration technology, projects and carbon advisory services. An Australian for-purpose company developing decarbonisation opportunities.
",21,,,,Found
Cquestr8 LTD,cquestr8 ltd,https://www.linkedin.com/company/71644852,Environmental Services,1,Found,Cquestr8 Ltd,cquestr8-ltd,https://cquestr8.com/,https://www.linkedin.com/company/cquestr8-ltd,2020,"Reactor-based, packaged, scalable. We bring sequestration to your CO2 - biogas/AD, fermentation, industrial. ",10-Feb,3,,GB,,London,,,71644852,"ghg, cquestr8ltd",Environmental Services,,"Fighting climate change with mineral carbonation. Permanent Storage of CO2 converted into carbon neutral materials for construction and industry. Reactor-based, packaged, scalable, high efficiency sequestration using magnesium rich silicates. We bring sequestration to your CO2 - biogas/AD, fermentation, industrial. ",450,1,300000 USD,4/21/2021,Found
LIMENETDAC,,,,,Not found,,,,,,,,,,,,,,,,,,,,,,,,
LOCNESS Project,,,,,Not found,,,,,2024,,,,,,,,,,,,,,,,,,,
PRDD SeaQuester,,,,,Not found,,,,,2023,,,,,,,,,,,,,,,,,,,
Project Vesta,,,,,Not found,,,,,2019,,,,,,,,,,,,,,,,,,,
SeaCURE,geocorail sas,https://www.linkedin.com/company/geocorail-sas,Environmental Services,0.5,Found,Seacure - Geocorail,geocorail-sas,http://www.seacure.fr,https://www.linkedin.com/company/geocorail-sas,2012,Concevoir - Innover - Prot√©ger,Nov-50,16,+33 4.91.77.91.58,FR,,Marseille,13016,4 rue Gaston Castel,10620614,"erosion, greentech, maritime",Environmental Services,,"Seacure lutte contre l'√©rosion c√¥ti√®re et prot√®ge les structures marines gr√¢ce √† des solutions innovantes.
Nous concevons et mettons en ≈ìuvre des solutions personnalis√©es pour la protection des c√¥tes.
Dans les ports, nous proposons de nouvelles alternatives pour prot√©ger les quais, assurer la protection cathodique des structures ou lutter contre les affouillements.
Nos solutions permettent de cr√©er des structures respectueuses de l'environnement, souvent moins co√ªteuses que les techniques traditionnelles et r√©duisant toujours les co√ªts de maintenance et d'exploitation des structures.
Notre approche innovante, √©co-con√ßue et techniquement tr√®s performante est possible car nous utilisons notre proc√©d√© brevet√© : le b√©ton naturel cr√©√© in situ, le Geocorail.",2260,1,2000000 USD,12/7/2015,Found
Centre for Climate Repair at Cambridge,,,,,Not found,,,,,2019,,,,,,,,,,,,,,,,,,,
Climate Restoration Technologies,,,,,Not found,,,,,2017,,,,,,,,,,,,,,,,,,,
Iron Salt Aerosol,,,,,Not found,,,,,,,,,,,,,,,,,,,,,,,,
Ecopia,ecopia marine limited,https://www.linkedin.com/company/ecopia-marine-limited,Environmental Services,0.2,Found,Ecopia Marine Limited,ecopia-marine-limited,https://ecopia.world,https://www.linkedin.com/company/ecopia-marine-limited,2021,Ecopia is a simple global solution to the global problem of excess atmospheric CO‚ÇÇ.,10-Feb,4,,GB,,London,,,90521582,"climate, carbonremoval, blueeconomy",Environmental Services,,"ECOPIA (Earth Climate Optimisation Productivity Island Array) is a global
solution to the anthropogenic climate change problem, without the risks of
engineering the environment itself. ECOPIA empowers the natural primary production capacity of the oceans solely through the provision of light. The programme provides a global Nature Based Carbon Management Solution (NBCMS) removing the excess atmospheric CO‚ÇÇ , de-acidifying the ocean‚Äôs waters, creating new sustainable fisheries, and importantly allowing the economies of the world to continue to grow and prosper.",366,,,,Found
Ocean Nourishment Corporation,ocean nourishment corporation mcdr,https://www.linkedin.com/company/2186907,Environmental Services,1,Found,Ocean Nourishment Corporation mCDR,ocean-nourishment-corporation,http://www.oceannourishment.com,https://www.linkedin.com/company/ocean-nourishment-corporation,2004,Ocean Solutions for food and climate security.   Harnessing the oceans to remove legacy carbon dioxide at scale. ,10-Feb,6,,AU,NSW,Sydney,2100,Allambie Heights ,2186907,"climateaction, carbonreduction, oceans",Environmental Services,"Carbon Sequestration, Feasibility Studies, Food Security, CDR Carbon Dioxide Removal","Ocean Nourishment Corporation was established in 2004 to address three major interconnected problems facing the global community namely,

climate change
food shortages 
ocean acidification

Ocean Nourishment technology is capable of drawing large quantities of CO2 directly out of the atmosphere and buying time for a transition to a low carbon future.",286,,,,Found
Whale X Ocean nourshment deep sea carbon export,,,,,Not found,,,,,2022,,,,,,,,,,,,,,,,,,,
Arktide,arktide,https://www.linkedin.com/company/80409834,Maritime Transportation,1,Found,Arktide,arktide,http://www.arktide.org,https://www.linkedin.com/company/arktide,2020,"We are focused on the development of water communities with sustainable energy, fresh water, clean air, and food.",10-Feb,5,,US,Florida,Panama City,,,80409834,"oceanscience, aquaculture, seasteading","Transportation, Logistics, Supply Chain and Storage",,"Sustainable Modular House Boats
The ocean is our future and we are building the path to it.
Reserve your Coquina tiny home below!",200,,,,Found
Arbon Earth,arbon earth ab,https://www.linkedin.com/company/87115872,Environmental Services,1,Found,Arbon Earth AB,arbon-earth,https://arbon.earth,https://www.linkedin.com/company/arbon-earth,2021,Resetting Climate Change with Carbon Capture and Storage! Carbon Removal with low-emission methods. Join us! üíö ,10-Feb,4,702191483,,,,,,87115872,,Environmental Services,,"We help our Customers boost their sustainability agenda by removing carbon dioxide from the atmosphere. The OceanPod by Arbon Earth uses fast-growing bamboo and macroalgae placed far out in the oceans, to absorb CO2, which then sinks to the seabed for permanent storage. 

Simple, cost-effective, and vital for a healthy planet. Plus, they nurture marine life, offering a win-win for ecosystems. We also provide export income to coastal societies and build knowledge about the sea and the seafloor. 3rd party certified by Oncra. 

Arbon Earth is led by Magnus Willner and Carl Lindberg. 
Follow us on LinkedIn to keep up with the latest news or find inspiration from our current projects. ",292,,,,Found
Black Pellets,,,,,Not found,,,,,,,,,,,,,,,,,,,,,,,,
BlueGreens Net blue,,,,,Not found,,,,,2014,,,,,,,,,,,,,,,,,,,
Climate Cleanup Sargassum Cleanup,,,,,Not found,,,,,2020,,,,,,,,,,,,,,,,,,,
Foods2GTons Aquatic Foods to giga tons,,,,,Not found,,,,,,,,,,,,,,,,,,,,,,,,
Forest waste in fjords,,,,,Not found,,,,,,,,,,,,,,,,,,,,,,,,
DecarbonIce,decarbonice,https://www.linkedin.com/company/101213249,Services for Renewable Energy,0.33,Found,DecarbonICE,decarbon-ice,https://www.decarbonice.org,https://www.linkedin.com/company/decarbon-ice,2023,"Transporting CO2 - simple, scalable and safe",10-Feb,9,,DK,,K√∏benhavn N,2200,Bragesgade 10B st.,101213249,,IT Services and IT Consulting,,,109,,,,Found
Adrift Carbon Solutions,,,,,Not found,,,,,2021,,,,,,,,,,,,,,,,,,,
Dog of Elon 5697,,,,,Not found,,,,,2021,,,,,,,,,,,,,,,,,,,
blueCarbon,bluecarbonlab,https://www.linkedin.com/company/18663957,Research Services,0.17,Found,BlueCarbonLab,bluecarbonlab,http://www.bluecarbonlab.org/,https://www.linkedin.com/company/bluecarbonlab,2021,Australian research lab using #BlueCarbon and #TealCarbon to restore the world's thermostat,Nov-50,14,,AU,Victoria,Melbourne,,221 Burwood Hwy,18663957,"bluecarbonlab, wetland, bluecarbon",Research Services,"Quantifying & mapping the distribution of blue carbon, Feasibility assessments for prospective blue carbon offset initiatives, Identifying threats (sea level rise, coastal developments) to blue carbon ecosystems, Restoration, conservation, and improved management of wetlands, Citizen Science programs in AU and NZ wetlands, TeaComposition H2O global wetland decomposition initiative","
The Blue Carbon Lab offers innovative research solutions for helping to mitigate climate change and improve natural capital, while also contributing to jobs, economic growth, capacity building and community wellbeing.

Learn more about our work > http://www.bluecarbonlab.org/  
",8863,,,,Found
Carbon Kapture,carbon kapture,https://www.linkedin.com/company/68477972,Environmental Services,1,Found,Carbon Kapture,carbon-kapture,https://carbonkapture.com/,https://www.linkedin.com/company/carbon-kapture,2020,We are fighting climate change and will have 1 million metres of seaweed ropes in the water by the end of 2024,10-Feb,5,,GB,32 West Street,,BH15 1LD,32 West Street,68477972,carbonkapture,Environmental Services,,"Carbon Kapture‚Äôs unique business model is designed to rapidly and permanently remove excess carbon dioxide from our seas and oceans. By building a global network of kelp (seaweed) farms that remove excess CO‚ÇÇ from our oceans, our innovative solution will help prevent irreversible damage to our planet and protect biodiversity in the new blue economy. We aim to provide a simple, fast-acting and direct way to make a demonstrable difference in the pursuit of net zero emissions. Join us in this exciting nature-based adventure.

Local community is very important to us, so each one of our farms is created with that in mind. It‚Äôs called a circular economy, and we will work with communities to integrate our farms to create these new circular economies ‚Äì an approach to raw materials (in this case), where everything has value, nothing is wasted, and the environment benefits. For example, we grow seaweed to extract excess CO‚ÇÇ. The seaweed is then turned into biochar, which can be given to local farmers to improve soil quality, or even used to create low-carbon cement and made into the anchors securing our seaweed ropes. We work with local communities to identify opportunities to create a circular economy.

Carbon Kapture offers a real carbon solution and it is available now ",3283,,,,Found
South Pacific Marine Park,,,,,Not found,,,,,2019,,,,,,,,,,,,,,,,,,,
Sunken Seaweed,,,,,Not found,,,,,2017,,,,,,,,,,,,,,,,,,,
The Seaquester Project,the seaquester project,https://www.linkedin.com/company/101525928,Environmental Services,1,Found,The Seaquester Project,the-seaquester-project,http://www.theseaquesterproject.com,https://www.linkedin.com/company/the-seaquester-project,2021,"From the Ocean, for the Ocean",10-Feb,0,3.5191E+11,PT,,Lisbon,,,101525928,,Environmental Services,"algae, carbon sequestration, educational programmes, circularity, bioremediation, consultancy","The Seaquester Project is an innovative environmental project that will plant macro algae and, by verifying the carbon sequester metric of those algae, will contribute for a determined region or institution to be closer to reach carbon neutrality, whilst also restoring its marine ecosystems
",66,,,,Found
Trofx,trofx,https://www.linkedin.com/company/89793102,Farming,1,Found,TROFX,trofx,http://trofx.tech,https://www.linkedin.com/company/trofx,2023,"A project to design and engineer offshore seaweed farms for future food, fuel, and climate solutions.",10-Feb,0,,,,,,,89793102,,Farming,,"Team members:
Umaro Foods, Otherlab, University of New Hampshire, Kelson Marine, Stationkeep",29,,,,Found
Atmospherica,atmospherica,https://www.linkedin.com/company/105637097,Engineering Services,0.5,Found,Atmospherica,atmospherica-org,https://www.atmospherica.org,https://www.linkedin.com/company/atmospherica-org,2022,ATMOSPHERICA has pioneered weather program solutions designed to address disaster avoidance & risk reduction challenges,10-Feb,0,,,,,,,105637097,,IT Services and IT Consulting,,,2,,,,Found
CO2SAAS,co2saas,https://www.linkedin.com/company/76140300,Biotechnology,1,Found,CO2SaaS,co2saas,https://www.co2saas.com/,https://www.linkedin.com/company/co2saas,2021,Fighting global warming one pond at a time.,10-Feb,0,,,,,,,76140300,,Biotechnology Research,,,38,,,,Found
Dut ocean biosequestration,,,,,Not found,,,,,,,,,,,,,,,,,,,,,,,,
Brineworks,brineworks,https://www.linkedin.com/company/91482062,Environmental Services,1,Found,Brineworks,brineworks,http://www.brineworks.tech/,https://www.linkedin.com/company/brineworks,2023,Unlocking green fuels from seawater. Building the world's leading seawater electrolyzer.,10-Feb,11,,NL,North Holland,Amsterdam,1098 XH,Science Park 301,91482062,,Environmental Services,,"Brineworks is building a highly efficient, patent-pending seawater electrolyzer. This invention enables the low-cost extraction of CO2 through Direct Ocean Capture, along with the significant co-production of H2, the two building blocks of e-fuels. Our mission is to help rapidly decarbonize sectors like aviation and maritime by harnessing the power of cutting-edge electrochemistry.",1982,2,,2/19/2025,Found
Carbodiner,,,,,Not found,,,,,,,,,,,,,,,,,,,,,,,,
Ephemeral Carbon,ephemeral carbon,https://www.linkedin.com/company/99236153,Environmental Services,1,Found,Ephemeral Carbon,ephemeral-carbon,https://ephemeralcarbon.com,https://www.linkedin.com/company/ephemeral-carbon,2023,Permanent carbon dioxide removal with rock weathering at sea,10-Feb,5,,US,CA,Santa Clara,95054,"3350 Scott Blvd, Bldg 16",99236153,,Environmental Services,"CDR, Carbon Dioxide Removal, Coastal Enhanced Weathering, Mineralization, Rock Weathering at Sea, Enhanced Rock Weathering, mCDR, Marine Carbon Dioxide Removal, Ocean Alkalinity Enhancement","Ephemeral is a Santa Clara, CA-based mCDR company that harnesses Oceanic Enhanced Weathering‚Äîalso known as rock weathering at sea‚Äîto safely and permanently remove atmospheric carbon.

By accelerating the natural weathering of silicate rocks, we introduce naturally occurring minerals into shallow ocean waters. These minerals react with CO‚ÇÇ in the seawater, transforming it into stable carbonates and bicarbonates, locking away carbon securely for over 100,000 years. Along the way, this process boosts ocean alkalinity, counteracting ocean acidification and supporting healthier, thriving marine ecosystems.

Join us in improving life above and below the surface. Together, we can remove CO‚ÇÇ and restore our planet.
",423,,,,Found
Hourglass Climate,hourglass climate,https://www.linkedin.com/company/102655907,Research Services,1,Found,Hourglass Climate,hourglass-climate,http://www.hourglassclimate.org,https://www.linkedin.com/company/hourglass-climate,2024,"Conducting critical, independent research for the responsible development of marine CO2 removal strategies",Nov-50,12,,,,,,,102655907,,Research Services,,"The ocean is our greatest resource for capturing hard-to-abate, and historical, carbon emissions - a non-negotiable part of limiting climate warming to 2¬∫C.  Ocean Alkalinity Enhancement (OAE) via alkaline mineral addition has the potential for permanent, gigatonne-scale carbon removal. Targeted, independent, and integrated research that rapidly de-risks the key uncertainties on how to safely deploy mineral-based OAE techniques, while optimizing for fast and efficient carbon removal, is urgently needed to drive climate impact. To do just that, Hourglass brings together an ecosystem of scientists to conduct model, laboratory, and field research for the public benefit.",798,,,,Found
Pronoe,pronoe,https://www.linkedin.com/company/89292503,Environmental Services,0.33,Found,PRONOE,pronoe-earth,https://pronoe.earth,https://www.linkedin.com/company/pronoe-earth,2022,"Restoring the ocean's natural ability to permanently remove CO2 - in a sustainable, scalable and asset-light manner. ",10-Feb,15,,FR,,Paris,,"5 Parv. Alan Turing, 75013 Paris",89292503,"pronoe, carbonremoval, oceancdr",Environmental Services,,"Pronoe is a CO2 removal company. 
We restore the ocean‚Äôs natural ability to capture and permanently store CO2 from the air, in a sustainable, scalable and asset-light manner.
In practice, we design and deploy automated water treatment systems that seamlessly integrate downstream of the operations of coastal industrial sites. 
As a result, Pronoe‚Äôs activities generate high-quality CO2 removal certificates to customers, valorize otherwise wasted effluents, and locally mitigate ocean acidification. 
To the benefit of the climate, coastal communities and ecosystems, worldwide.",2272,1,,10/1/2023,Found
The Charles Darwin Rescue Plan,,,,,Not found,,,,,2021,,,,,,,,,,,,,,,,,,,
Tyka et al 2021,,,,,Not found,,,,,,,,,,,,,,,,,,,,,,,,
Skyology,skyology,https://www.linkedin.com/company/79434094,Renewable Energy Semiconductor Manufacturing,1,Found,Skyology,skyology,https://www.skyology.io/,https://www.linkedin.com/company/skyology,2021,We capture and store atmospheric CO2 while deacidifying the ocean and rebuilding coral reefs.,Nov-50,2,,US,,San Fransisco,,,79434094,"cdr, cdrocean, craboncapture",Renewable Energy Semiconductor Manufacturing,,Skyology is using ocean alkalinity enhancement(OAE) to capture and store atmospheric CO2 for thousands of years. Skyology uses AI and automation to guide the most metabolically efficient storage process to drastically offset top-performing companies' unavoidable emissions.,216,,,,Found
Vycarb,vycarb,https://www.linkedin.com/company/98334992,Climate Data and Analytics,1,Found,Vycarb,vycarb,https://www.vy-carb.com/,https://www.linkedin.com/company/vycarb,2022,"Instant, permanent, safe, and measurable CO2 capture, removal, and storage.
",Nov-50,17,,US,New York,Brooklyn,11251,19 Morris Ave,98334992,"watercarbon, climatechange, carbonremoval",IT Services and IT Consulting,,"Vycarb is a Brooklyn-based technology company developing tools for scalable, fully-measured CO2 capture, removal, and storage. Founded in 2022, Vycarb combines two unique technology innovations: a CO2 neutralization system that captures and stores CO2 as stable bicarbonate in water, and an advanced sensor that measures the full water carbon system autonomously in real time, enabling safe, permanent carbon sequestration in any water.",1696,2,,5/24/2024,Found
ACOTM,,,,,Not found,,,,,2020,,,,,,,,,,,,,,,,,,,
Climos Inc,,,,,Not found,,,,,2006,,,,,,,,,,,,,,,,,,,
Gigablue,gigablue,https://www.linkedin.com/company/93079493,Environmental Services,1,Found,Gigablue,gigabluecarbon,http://gigablue.co,https://www.linkedin.com/company/gigabluecarbon,2022,"Durable, Scalable, Responsible CDR",Nov-50,27,,US,NY,New York,10044,,93079493,,Environmental Services,,Restoring the global CO‚ÇÇ balance by developing a unique marine carbon removal method that delivers optimum scale and quality at an affordable price. ,2427,2,,11/1/2023,Found
Light Induced Ocean Sequestration,,,,,Not found,,,,,,,,,,,,,,,,,,,,,,,,
Ocean lung,,,,,Not found,,,,,,,,,,,,,,,,,,,,,,,,
Oceanica,oceanica,https://www.linkedin.com/company/29121209,Consumer Services,0.25,Found,Oceanica,oceanica-group,http://www.oceanicasrilanka.com,https://www.linkedin.com/company/oceanica-group,1979,Delivering Excellence in Ice Production and Property Rentals Since 1979,201-500,7,777340011,LK,Western Province,Colombo 03,300,"490, Galle Road ",29121209,"propertyrental, blockice, oceanica",Consumer Services, ,"Oceanica Sri Lanka, established in 1979, is a reputable company with 45 years of experience in providing high-quality ice products and property rental services. Our offerings include block ice, ice sculptures, crushed ice, and colored ice, catering to diverse client needs. Additionally, we manage a range of properties, including office spaces, warehouses, commercial buildings, apartments, and guest houses, all furnished with essential amenities at competitive rates. Our mission is to deliver consistent, skilled, and capable services, aiming to become the leading block ice producer and property rental service in the industry.",176,,,,Found
OPR Alaska Inc,,,,,Not found,,,,,2012,,,,,,,,,,,,,,,,,,,
OPR New England,,,,,Not found,,,,,,,,,,,,,,,,,,,,,,,,
Pasture Partners,,,,,Not found,,,,,,,,,,,,,,,,,,,,,,,,
The Blue Carbon Factory,,,,,Not found,,,,,2009,,,,,,,,,,,,,,,,,,,
Planeteers,planeteers,https://www.linkedin.com/company/98064288,Climate Technology Product Manufacturing,0.17,Found,Planeteers,planeteersgmbh,,https://www.linkedin.com/company/planeteersgmbh,2022,We capture CO2 in water and unleash the potential of the oceans as the largest carbon sink on our planet.,10-Feb,23,,DE,HH,Hamburg,22769,Eimsb√ºtteler Stra√üe,98064288,,Renewable Energy Semiconductor Manufacturing,,We capture CO2 in water and unleash the potential of the oceans as the largest carbon sink on our planet.,1729,1,,7/31/2024,Found
Minerali,minerali,https://www.linkedin.com/company/106311835,Climate Technology Product Manufacturing,0.2,Found,Minerali,minerali,http://minerali.io,https://www.linkedin.com/company/minerali,,A direct air carbon capture company focused on scalable decarbonization,10-Feb,1,,US,MA,Cambridge,,,106311835,,Renewable Energy Semiconductor Manufacturing,,"Minerali is an MIT climate tech spin-off from focused on simple, efficient, and cost-effective direct air carbon capture technology by harnessing our largest and most abundant resource, the ocean.",4,,,,Found
Banyu Carbon,banyu carbon,https://www.linkedin.com/company/89770275,Environmental Services,1,Found,Banyu Carbon,banyu-carbon,https://www.banyucarbon.com,https://www.linkedin.com/company/banyu-carbon,2022,Capturing Carbon With Light,10-Feb,12,,US,Washington,Seattle,98195,4000 Mason Rd,89770275,"banyucarbon, carboncapture",Environmental Services,"Carbon Capture, Marine Carbon Dioxide Removal, Carbon Management, Carbon Capture and Storage","Banyu Carbon is developing a light-driven approach to carbon capture that promises to be cheaper and require less energy than competing technologies. 

Decarbonizing the global economy is the Apollo Moon Shot of this century. Every serious plan to keep global temperatures below dangerous limits requires carbon removal at the scale of billions of tons of CO2 per year. But a giant gap exists between this pressing need and existing carbon removal capabilities that are costly, energy intensive, and have a capacity 10,000x too small. 

Unlike nature-based approaches to carbon capture, Banyu Carbon is developing a process that produces a pure stream of CO2 for easily verified carbon credits to companies and governments. 

The Banyu Carbon process uses the surface ocean as a vast collector for atmospheric CO2 and then removes the accumulated carbon through energy efficient photochemical reactions. Seawater naturally concentrates CO2 from the atmosphere. Removing this carbon from the surface ocean withdraws a commensurate amount of CO2 from the air because of rapid equilibration. Because the atmosphere rapidly mixes carbon emissions from across the globe and then the oceans readily absorb this extra carbon, the Banyu Carbon process would reduce atmospheric CO2 no matter where the emissions occurred. 

Banyu Carbon seeks to be a leader in a carbon capture market expected to grow to $100 billion by 2030.",1946,2,6500000 USD,9/22/2022,Found
Carbon Blue,carbon blue global,https://www.linkedin.com/company/79877585,Civil Engineering,0.25,Found,Carbon Blue Global,carbonblueglobal,https://www.carbonblueglobal.com/,https://www.linkedin.com/company/carbonblueglobal,2011,Experts in Engineering Services,Nov-50,45,+974 7048 5638,QA,,doha,,"Building #24, zone 26,street 940, ",79877585,"quantitytakeoff, billofquantity, quantitysurveyor",Civil Engineering,"BOQ preparation, Value engineering, Technology, Quantity Takeoff, Estimation, Contract management, Quantity Surveying, Low cost, 3T QC checking, Design, Interior design, Structural , MEP, Corporate training, Tendering, QS, 3D , Architectural design, Civil Engineering","We are a customer obsessed global design & engineering services consulting firm. 

We deliver our services at globally competitive price points. We serve architects, contractors and PMCs across Middle East, EU and Americas.",6001,,,,Found
CO22Clean,,,,,Not found,,,,,2021,,,,,,,,,,,,,,,,,,,
SeaO2,seao2,https://www.linkedin.com/company/79994007,Environmental Services,0.25,Found,SeaO2,seao2-io,https://www.seao2.com,https://www.linkedin.com/company/seao2-io,2021,Leveraging the ocean‚Äôs carbon removal power! üåäüåç,10-Feb,14,,NL,,Amsterdam,,,79994007,,Environmental Services,,Leveraging the ocean‚Äôs carbon removal power! üåäüåç,4502,1,2174859 USD,11/4/2024,Found
Captura,captura,https://www.linkedin.com/company/80263304,Environmental Services,0.13,Found,Captura,capturaco2,https://capturacorp.com,https://www.linkedin.com/company/capturaco2,2021,Harnessing the power of the ocean to heal the climate.,51-200,85,,US,California,Pasadena,,,80263304,"climatechange, carboncapture, oceanconservation",Environmental Services,,"The ocean is an immensely powerful force of nature, and our greatest ally to reverse the tides on climate change. By studying the planet‚Äôs natural cycles, Captura designed a solution that removes CO2 from the ocean and harnesses its ability to heal the climate‚Äîa process known as Direct Ocean Capture.

Developed and proven in Caltech‚Äôs laboratories, our unique Direct Ocean Capture technology runs with just two ingredients: seawater and renewable electricity. It extracts CO2 directly from seawater to be permanently stored or reused. This amplifies the natural equilibrium between the ocean and atmosphere, drawing carbon out of the air and into the ocean to rebalance. 

Captura‚Äôs approach requires no rare-Earth minerals, adds nothing to the ocean, and leaves no chemicals behind. It‚Äôs a low-cost, large-scale carbon removal solution that is environmentally sound. ",13868,3,21500000 USD,1/22/2024,Found
1point8,1point8 ,https://www.linkedin.com/company/67190617,Environmental Services,1,Found,1point8 ,1point8-trees,https://1point8.de/,https://www.linkedin.com/company/1point8-trees,2022,"We develop scalable, fast and cost-effective technologies to increase the global CO2 absorption potential.",10-Feb,2,,,,,,,67190617,,Environmental Services,,"We develop scalable, fast and cost-effective technologies to increase the global CO2 absorption potential.",136,,,,Found
Azolla proxima,,,,,Not found,,,,,,,,,,,,,,,,,,,,,,,,
Blue Symbiosis,blue symbiosis,https://www.linkedin.com/company/76989036,Renewables & Environment,1,Found,Blue Symbiosis,blue-symbiosis,http://www.bluesymbiosis.com,https://www.linkedin.com/company/blue-symbiosis,2021,"Biodiversity, AI, Web 3, Assembly",10-Feb,3,,,,,,,76989036,xprize,Renewable Energy Semiconductor Manufacturing,,"**STEALTH**
Bringing creativity and systems thinking to difficult problems.",122,,,,Found
Cascadia Seaweed,cascadia seaweed,https://www.linkedin.com/company/20353915,Manufacturing,1,Found,Cascadia Seaweed,cascadia-seaweed,http://www.cascadiaseaweed.com,https://www.linkedin.com/company/cascadia-seaweed,2019,Boosting plant yields and improving animal health with high-quality agricultural products made our cultivated kelp.,Nov-50,24,7783514484,CA,BC,Sidney,V8L 0C5,,20353915,"futureoffood, weareseaweed, bcbusiness",Manufacturing,"food production, ecosystem services, kelp cultivation, agrifeed supplements","Cascadia Seaweed, founded in 2019, is a vertically integrated AgTech Company dedicated to addressing climate change and food security. 

We cultivate local species of seaweed on low-impact ocean farms in partnership with coastal First Nations. We then harvest that seaweed and manufacture agricultural products for land-based farmers that increase yields and reduce emissions.

As a certified B Corp and registered Benefit Company in British Columbia, we are committed to building a profitable and scalable business that our team members, shareholders, and business partners can take pride in.",6383,5,2860105 USD,11/21/2024,Found
Caspianstar,,,,,Not found,,,,,,,,,,,,,,,,,,,,,,,,
Cequest ocean carbon,,,,,Not found,,,,,2021,,,,,,,,,,,,,,,,,,,
Innonep ocean,,,,,Not found,,,,,2016,,,,,,,,,,,,,,,,,,,
Kelp Blue,kelp blue,https://www.linkedin.com/company/34749168,Environmental Services,1,Found,Kelp Blue,kelp-blue,http://kelp.blue,https://www.linkedin.com/company/kelp-blue,2020,Re-wilding the oceans,Nov-50,88,,NL,,Amsterdam/Luderitz,,,34749168,kelpblue,Environmental Services,"Ocean Farming, Giant Kelp, Carbon Drawdown, Sustainable Business, Nature Based Solutions, Blue Water Farming, Carbon Sequestration, Biostimulants, Seaweed, Seaweed StartUp, Aquaculture, blendedfinance, goldenforests, offshoreengineering, kelpcultivation, processengineering, ecosystem services, agrifoods, sustainability","We grow giant kelp forests around the globe to boost the health of the oceans and to store  CO2. We harvest only the kelp canopy. From this we make biostimulants, a product that allows farmers to drastically reduce the use of synthetic fertilizers. 
Biostimulants increase:
-plants ability to tolerate climactic stress and 
-yields.

WHAT‚ÄôS THE PROBLEM? 
Per year, humanity is using¬†natural capital¬†1.7 times as fast as Earth can renew it.   For our futures sake, this must change. 
Cost-effective, long term and environmentally sustainable alternatives must be found to restore the planet to equilibrium, or even abundance.

Why is Kelp Blue an answer? 
Giant Kelp one of the fastest growing organism on the planet and is well suited for use in a range of products from high quality pharma/neutraceuticals to fertiliser, animal feed, dietary supplements and textiles. Growing the marketplace for existing kelp products as well as using giant kelp derivatives to displace environmentally damaging alternatives will help restore the planets equilibrium; growing kelp requires no fertilisers, no pesticides, no land and no fresh water.  
But more importantly, it has the ability to draw down more CO2 than terrestrial forests while boosting marine biodiversity and improving fish stocks.   

Why KELP BLUE? 
We are passionate about scaling a profitable nature-based solution that will help reverse climate change.  Our model can quickly grow across  different markets helping to change the course of multiple industries from being environmentally damaging to being environmentally positive.",15804,,,,Found
KFC KelpFarmCareer,,,,,Not found,,,,,,,,,,,,,,,,,,,,,,,,
Marine Bioenergy Inc,,,,,Not found,,,,,2020,,,,,,,,,,,,,,,,,,,
Marine Permaculture Seaforestation,,,,,Not found,,,,,2022,,,,,,,,,,,,,,,,,,,
Ocean ERA,ocean era,https://www.linkedin.com/company/3532454,Research Services,1,Found,Ocean Era,kampachi-farms,http://www.ocean-era.com,https://www.linkedin.com/company/kampachi-farms,2012,Ocean Era is a Hawaii-based mariculture company focused on softening humanity's footprint on the seas.,10-Feb,7,,US,Hawaii,Kailua-Kona,96745,PO Box 4239,3532454,,Research Services,"Aquaculture, Food, Feed research, Aquaculture technology, Sustainability, Just generally awesome",Ocean Era (formerly Kampachi Farms) is a Hawaii-based mariculture company focused on softening humanity's footprint on the seas. ,1138,,,,Found
Seagrown,seagrown,https://www.linkedin.com/company/18709791,Environmental Services,1,Found,SeaGrown,seagrown,http://www.seagrown.co.uk,https://www.linkedin.com/company/seagrown,2018,"Pioneering open-water seaweed cultivation to restore ocean health, combat climate change and grow a sustainable future.",Nov-50,14,4.47464E+11,GB,North Yorkshire,Scarborough,YO11 1PD,Scarborough Harbour,18709791,"seaweed, seagrown, innovation",Environmental Services,"Biodiversity Enhancement, Seaweed Cultivation, Ocean Revival","SeaGrown was born from a love of the sea.  We are bringing you a flavour of the sea using locally sourced, sustainably grown or hand-harvested seaweeds for health and nutrition.  Our seaweeds use nothing but sunlight to grow, they are delicious and filled with essential nutrients, minerals and omega 3.  They are healthy for any diet and are especially beneficial to vegetarians and vegans.  We use our seaweed to produce a range of food, bath and cosmetic products, all of which will add some ocean vitality to your life.

SeaGrown - unlocking the ocean's best kept secret. ",2488,,,,Found
Seaplanta,,,,,Not found,,,,,,,,,,,,,,,,,,,,,,,,
Sinkit,sinkit,https://www.linkedin.com/company/86588051,Business Consulting and Services,0.5,Found,Sinkit,sinkit,http://www.sinkit.org,https://www.linkedin.com/company/sinkit,2022,The carbon ecosystem specialist. We develop and accelerate natural and man-made carbon removal solutions.,10-Feb,7,,NL,,Rotterdam,,,86588051,"carboncapture, netzero, carboncredits",Business Consulting and Services,"carbon removal, CCS, BECCS, carbon offsets, carbon removal credits, Blue Carbon, carbon sinks, carbon cycle","Sinkit is on a mission to restore the carbon cycle and stabilize our climate by removing CO2 from the atmosphere. Our goal is to realize at least 55 carbon removal projects by 2030. Together with our partners, we develop and accelerate natural and technological carbon removal solutions. We help companies achieve net zero with transparent and traceable carbon offsets, and we aim to raise awareness globally. Sinkit is a cooperative organization, which means everyone who shares our vision and mission can become a member and invest in Sinkit projects.

Visit us on sinkit.org to find out more.",1099,,,,Found
Southern Ocean Carbon,,,,,Not found,,,,,2020,,,,,,,,,,,,,,,,,,,
The Seaweed Company,the seaweed company,https://www.linkedin.com/company/33246249,Food and Beverage Services,1,Found,The Seaweed Company,theseaweedcompany,http://www.TheSeaweedCompany.com,https://www.linkedin.com/company/theseaweedcompany,2018,"Growing a Tasty and Sustainable Food System
",Nov-50,28,,NL,North Holland,Hoofddorp,2132 JX,Polarisavenue 130,33246249,"bluefarming, seaweed, theseaweedcompany",Food and Beverage Services,,"Imagine a world in which our food system is healthy, sustainable, and working with the natural world rather than against it.

The problem? Currently, our way of producing and consuming food tends to work against nature, rather than with it. The extent of our meat consumption negatively impacts land, water, emissions, and even our own health.

Our solution? Seaweed! Seaweed is one of the fastest growing biomass in the world, flourishing without using land, fresh water, or fertilizer ‚Äì a true superhero! 
At The Seaweed Company, we build a network of unique biological and technological expertise to grow and harvest seaweed, which we process and turn into highly scalable seaweed solutions with positive impact.

Let us introduce you to SeaMeat¬Æ - our premium seaweed blend, which can be integrated into meat products to create an exciting, more sustainable, and healthier product... with enhanced juiciness, flavour, and texture.

In short ‚Äì we believe that a more livable future for our entire ecosystem is possible, and that seaweed plays a major role in this. It‚Äôs time to put nature first! ",14123,1,,3/29/2022,Found
Umaro Foods,umaro foods,https://www.linkedin.com/company/80172249,Food and Beverage Services,1,Found,Umaro Foods,umaro-foods,https://www.umarofoods.com/,https://www.linkedin.com/company/umaro-foods,2018,We are building a food system that supports a wild and thriving planet. Starting in a surprising place‚Äìthe ocean.,10-Feb,5,,,,,,,80172249,,Food and Beverage Services,,Delicious based protein from the ocean.,2647,3,1800000 USD,3/6/2024,Found
Viridos,viridos,https://www.linkedin.com/company/85962,Biotechnology Research,0.5,Found,Viridos,viridosinc,https://viridos.com,https://www.linkedin.com/company/viridosinc,2005,See how algae moves us.,51-200,63,,US,CA,La Jolla,92037,11149 N Torrey Pines Rd,85962,"sustainability, biofuels, algae",Biotechnology Research,"Synthetic Biology, Fermentation, Next Generation Genomics, Bioprocessing, Bioinformatics, Cell Optimization, Biodiscovery, Advanced Engineering, Gene Editing, Cell Engineering, Scale-up, Algae Biofuels, Algae","Viridos is a privately held biotechnology company harnessing the power of photosynthesis to create transformative solutions to mitigate climate change. Our unparalleled understanding of algal genetics and ability to translate innovation from lab to field underpins our initial deployment: a scalable platform to produce low-carbon intensity biofuels for aviation, commercial trucking, and maritime shipping. Building on a legacy of genomic firsts, our team of scientists and engineers are shaping new pathways toward a sustainable bioeconomy. To learn more, visit us at Viridos.com. ",13309,,,,Found
Kepler carbon recapture team,,,,,Not found,,,,,2021,,,,,,,,,,,,,,,,,,,
Thalasso Ocean,,,,,Not found,,,,,2020,,,,,,,,,,,,,,,,,,,
Amazinggreatlight,,,,,Not found,,,,,,,,,,,,,,,,,,,,,,,,
Atrium,atrium,https://www.linkedin.com/company/19534,Staffing and Recruiting,0.13,Found,Atrium,atrium,https://www.atriumglobal.com,https://www.linkedin.com/company/atrium,1994,Empowering Organizations Through Modern Workforce and Talent Solutions.,201-500,1293,,US,NY,New York,10016,387 Park Ave S,19534,"careercolumn, atriumatwork",Staffing and Recruiting,"Staffing & Recruitment, MSP, Payrolling Services, Intern Program Design, Temp, Independent Contractor Compliance, Administrative Support, Scientific & Clinical, Jobs, Finance & Accounting, Creative, Woman-Owned, WBENC, Product Development, Interim Solutions, Workforce Solutions, Talent Acquisition, Talent Management, Hiring, HR Management, Human Resources, Customer Service, Supply Chain & Operations, Direct Hire, Direct Sourcing, Real Estate, Marketing, IT, Information Technology, Real Estate, Retail, Fashion & Lifestyle","Atrium is a global WBENC-certified Talent Solutions and Extended Workforce Management leader. For nearly three decades, our customized services have provided the world‚Äôs largest brands access to top talent and helped organizations optimize their extended workforce programs to maximize results.

Guided by our Applicant-Centric‚Ñ¢ philosophy, we approach hiring from the perspective of the candidate. We build lasting relationships and find our applicants jobs they love by getting to know them and listening to what truly motivates them. This philosophy attracts higher-quality candidates, leading to long-lasting placements and satisfied clients around the world.",185370,,,,Found
CyanoCapture,cyanocapture,https://www.linkedin.com/company/76980640,Biotechnology,1,Found,CyanoCapture,cyanocapture,http://www.cyanocapture.com,https://www.linkedin.com/company/cyanocapture,2021,Scalable carbon capture technology.,Nov-50,17,,GB,England,Oxford,OX3 7XB,Roosevelt Drive,76980640,,Biotechnology Research,"biotechnology, carbon capture","Our mission is to provide affordable carbon capture on an industrial scale by harnessing genetically modified cyanobacteria. 

Enquiries: 
Partnerships@cyanocapture.com
Licensing@cyanocapture.com",4505,1,,5/1/2023,Found
Monash carbon capture and conversion Biotech,,,,,Not found,,,,,2021,,,,,,,,,,,,,,,,,,,
Angel Sharks,,,,,Not found,,,,,,,,,,,,,,,,,,,,,,,,
AI Control Technologies,ai control technologies,https://www.linkedin.com/company/18945524,Maritime,1,Found,Ai Control Technologies,ai-control-technologies,,https://www.linkedin.com/company/ai-control-technologies,2016,Autonomous Buoyancy Engines supporting the $2.5 trillion Ocean Economy,10-Feb,4,,US,FL,Boca Raton,33472,,18945524,,Maritime Transportation,,"Building autonomous buoyancy/depth control systems for diving and various offshore energy, construction, military and aquaculture applications.
",70,2,100000 USD,11/1/2021,Found
Hortimare,hortimare,https://www.linkedin.com/company/624667,Biotechnology Research,1,Found,Hortimare,hortimare,http://www.hortimare.com,https://www.linkedin.com/company/hortimare,2008,"Seeds, technology and expertise to bring your seaweed initiative to life",Nov-50,28,+31 72 888 8767,NL,,Heerhugowaard,1704 CC,Altonstraat 25A,624667,"seaweed, hortimare, zeewier",Biotechnology Research,,"Hortimare is a company with activities and products from seed source to efficient deployment. We support your seaweed initiative with 5 key areas; Seed Supply, New Species Domestication, Breeding Programs, Technical Support and Ecosystem Services. 

Seed Supply
Our starting material allows seaweed farmers to scale up and specialise. With reliable deliveries and tailored advice, we ensure this will not be the bottleneck to reaching improved yields and profitability.

New Species Domestication
At Hortimare, we bridge the gap between research and large-scale production, focusing on the domestication of commercially valuable species.

Breeding Programs
We strive to supply the right varieties to build a healthy business case for seaweed farming. Breeding programs are time-consuming and labor-intensive, but a proven way forward to build a healthy industry.

Technical Support
We have managed to successfully design, build and operate a variety of hatchery and nursery systems, proven to produce and deploy seed material across multiple seaweed species.

Ecosystem Services
Ecosystem services are more than just increasing biodiversity. The impact that global kelp forests have for the environment and people is in excess of 500 billion USD annually.",2077,,,,Found
North Sea Farmers,north sea farmers,https://www.linkedin.com/company/5284254,Non-profit Organizations,1,Found,North Sea Farmers,northseafarmers,https://www.northseafarmers.org/,https://www.linkedin.com/company/northseafarmers,2011,North Sea Farmers is the European Seaweed Association,10-Feb,10,,NL,South Holland,The Hague,2518 AD,Zeestraat 84,5284254,"northseafarmers, seaweedstories",Non-profit Organizations,"Seaweed Production, Processing, Biorefinery, Food, Feed, Biomaterials, Biostimulants, Cosmetics, Co-use, Multi-use, Offshore Wind Farms, Offshore, North Sea",North Sea Farmers is the European Seaweed Association. Our mission is to empower the European seaweed industry via 1) representation and 2) supporting the over 130 members in the NSF network,6336,1,1678665 USD,9/24/2024,Found
Ocean Foresters,,,,,Not found,,,,,2009,,,,,,,,,,,,,,,,,,,
Seaforester,seaforester,https://www.linkedin.com/company/85611659,Environmental Services,1,Found,SeaForester,seaforester,https://seaforester.org/,https://www.linkedin.com/company/seaforester,2016,SeaForester is an environmental impact company dedicated to restoring the forgotten forests in our Ocean.,10-Feb,7,,PT,Cascais,Estoril,2765-253,Rua Melo e Sousa,85611659,"kelp, seaforestation, seaweed",Environmental Services,,"Seaweed forests around the world are disappearing at an alarming rate. SeaForester started in 2016 with the mission to ‚Äúrestore the forgotten forests in our ocean‚Äù. SeaForester has over the years been involved in a number of research projects and seaweed restoration actions in Europe and elsewhere.  The SeaForester team consists of an international group of employees and advisors with broad experience in seaweed cultivation, seaweed restoration, and business.  ",1819,,,,Found
Oceans 2050 seaweed carbon farming,,,,,Not found,,,,,,,,,,,,,,,,,,,,,,,,
Coastal Carbon,coastal carbon,https://www.linkedin.com/company/86718338,Environmental Quality Programs,0.33,Found,Coastal Carbon,coastal-carbon,https://coastalesw.wordpress.com/,https://www.linkedin.com/company/coastal-carbon,,Investigating the potential for CO‚ÇÇ drawdown in coastal environments,10-Feb,0,,BE,Flemish Region,Antwerp,2610,Universiteitsplein 1,86718338,coastalcarbon,Government Administration,,"Preventing the release of CO2 and other greenhouse gases to the atmosphere is crucial. Yet, lowering emissions alone will not be sufficient to meet the set climate targets. We must also investigate approaches that actively remove CO2 from the atmosphere.

Coastal enhanced silicate weathering as a negative emissions technology uses the natural process of silicate weathering for the removal of CO2 from the atmosphere. Not only does this technique increase the CO2 sequestration capacity of our oceans, it also counteracts ocean acidification and can be directly integrated into existing coastal management programs.

However, so far there has not yet been a rigorous assessment of the CO2 sequestration efficiency and environmental impact of enhanced silicate weathering. This project addresses these critical bottlenecks. The Coastal Carbon project investigates the potential of enhanced silicate weathering in coastal environments by studying the processes at those locations where silicate weathering is naturally occurring and by operation of a large scale mesocosm setup.

Coastal Carbon is an interdisciplinary research project executed in collaboration between three Belgian universities, Flemish and Belgian research institutes and commercial partners: University of Antwerp, Flanders Marine Institute (VLIZ), Ghent University, DEME, Sibelco, CO2-Logic, Royal Belgian Institute of Natural Sciences and the Research Foundation ‚Äì Flanders (FWO) as our funding agency .",40,,,,Found
CWorthy,cworthy marine,https://www.linkedin.com/company/101719114,Maritime Transportation,1,Found,CWorthy Marine,cworthy-marine,https://cworthymarine.com.au/,https://www.linkedin.com/company/cworthy-marine,2009,Australia's largest authorized value-add distributor for the Bayliner and Trophy world-class and iconic marine brands ,Nov-50,2,755800905,AU,Queensland,Coomera,4209,200 Beattie Rd,101719114,,"Transportation, Logistics, Supply Chain and Storage",,"As the largest authorized Bayliner and Trophy dealer in Australia, you can view a large range of models on display and in comfort at our indoor showroom located within the state-of-the-art Boat Works Marina. 

We offer complementary on water handover and tuition for all new and used boat purchasers giving you total piece of mind when out on the water.

Through our authorized Mercury Marine Support centre we can also customize your boat with options such as fish finders, fishing rod holders, bait boards and storage covers.
Not only is C Worthy Marine the home of Bayliner, our service department can look after any make and model of vessels.",19,,,,Found
atdepth MRV,,,,,Not found,,,,,,,,,,,,,,,,,,,,,,,,
Oceanid MRV,,,,,Not found,,,,,,,,,,,,,,,,,,,,,,,,
SEAO2CDR,,,,,Not found,,,,,,,,,,,,,,,,,,,,,,,,
Submarineearth,,,,,Not found,,,,,,,,,,,,,,,,,,,,,,,,
Subtidal,subtidal,https://www.linkedin.com/company/91148149,Climate Data and Analytics,0.5,Found,Subtidal,subtidal,https://www.subtidal.com/,https://www.linkedin.com/company/subtidal,2023,Revolutionizing Ocean Carbon Sequestration Monitoring,10-Feb,3,,,,,,,91148149,,IT Services and IT Consulting,,Subtidal aims to catalyze the massive climate potential of ocean carbon dioxide removal by developing innovative monitoring and verification solutions that quantify net CO2 drawdown and deliver insights to enhance ocean CDR project impact. ,641,,,,Found
Carbon to Sea,carbon to sea initiative,https://www.linkedin.com/company/94216159,Non-profit Organizations,1,Found,Carbon to Sea Initiative,carbontosea,http://www.CarbonToSea.org,https://www.linkedin.com/company/carbontosea,2022,R&D on the ocean's natural mechanisms for safely removing carbon from our atmosphere.,10-Feb,13,,,,,,,94216159,"oceanalkalinity, oceancdr, oceanclimatenexus",Non-profit Organizations,,"The Carbon to Sea Initiative is a non-profit program to determine if and how ocean alkalinity enhancement can safely remove and store billions of tons of atmospheric CO2.‚Äã To achieve this, we bring together the best scientists, engineers, field builders, and market shapers to systematically assess whether and how OAE can be a safe, scalable, and permanent CDR method, and to lay the groundwork for cost-effective and responsible deployment in the future. We engage stakeholders of all kinds to create a richly-collaborative approach with communities around the world interested in tackling climate change. 

Follow along our journey to hear about grant announcements, publications and fresh insights on ocean cdr.",4568,,,,Found
EDAC Labs,edac labs,https://www.linkedin.com/company/87973957,Environmental Services,1,Found,EDAC Labs,edac-labs,http://www.edaclabs.com,https://www.linkedin.com/company/edac-labs,2022,Deceptively simple direct air capture using acid/base chemistry.,10-Feb,11,,US,Maryland,Beltsville,20705,7040 Virginia Manor Rd,87973957,"cdr, edaclabs",Environmental Services,,"EDAC Labs is a spin-out from Professor Chao Wang's lab at Johns Hopkins University School of Engineering. We're committed to the development of negative-emission technologies and decarbonization through affordable, scalable direct air capture of carbon dioxide, carbon-negative mining, and other Ph swing applications.",589,1,3000000 USD,8/14/2023,Found
The acidd project,,,,,Not found,,,,,,,,,,,,,,,,,,,,,,,,
CarbonRun,carbonrun,https://www.linkedin.com/company/82552843,Environmental Services,0.5,Found,CarbonRun,carbonrun,https://www.carbonrun.io,https://www.linkedin.com/company/carbonrun,2022,Healthy Rivers. Healthy Planet.,Nov-50,23,,CA,Nova Scotia,Dartmouth,B2Y 4M9,,82552843,"cdr, climatetechcanada, carbonremoval",Environmental Services,"CDR, Enhanced Weathering, Carbon drawdown",Healthy rivers make a healthy planet. Our mission is to restore the health of rivers and their natural ability to draw carbon from land-to-ocean.,2814,,,,Found
Green Sea Upwelling,,,,,Not found,,,,,,,,,,,,,,,,,,,,,,,,
Aquatic Labs,aquatic labs,https://www.linkedin.com/company/96235170,Climate Technology Product Manufacturing,1,Found,Aquatic Labs,aquatic-labs,https://aquatic-labs.com/,https://www.linkedin.com/company/aquatic-labs,,Situational Awareness for the Blue Economy,10-Feb,18,,US,Massachusetts,Cambridge,2139,614 Massachusetts Ave,96235170,,Renewable Energy Semiconductor Manufacturing,,"Aquatic's mission is to reveal the invisible throughout the world's waters.  

Based in Cambridge, Massachusetts, Aquatic is combining cutting-edge semiconductor technology, transformative ocean science, agile development methods, and modern fabrication approaches to create globally-scalable tools for tracking carbon, nutrients, and biodiversity persistently and pervasively throughout the world‚Äôs oceans ‚Äì tools that are absolutely essential and desperately needed for monitoring and verification of ocean carbon sequestration, as well as a host of other global industries.

From carbonate sensing to genomic surveillance, Aquatic is redefining what is possible to know underwater.",1137,,,,Found
Climate Foundation,climate foundation,https://www.linkedin.com/company/2810388,Environmental Services,1,Found,Climate Foundation,climate-foundation,http://www.climatefoundation.org,https://www.linkedin.com/company/climate-foundation,2007,We design #NatureBasedSolutions that regenerate life & balance carbon. Creators of #MarinePermaculture. XPRIZE Winner.,Nov-50,22,,US,Massachusetts (MA),Woods Hole,2543,3 little harbor road,2810388,"permaculture, regeneration, climatechange",Environmental Services,"Carbon Balance, Deep water air conditioning and OTEC, Biochar processing for sanitation and agriculture, Restoring ocean productivity","The Climate Foundation is dedicated to educating and empowering people to balance carbon on land and sea on a global basis. We have developed several sustainable approaches to balancing carbon in the environment. Once society adopts sustainable practices and substantially reduces carbon emissions in our lifetimes, we believe it is still possible to reverse the man-made factors leading to climate disruption.

We are working to moderate and reverse the effects of climate change in critical ecosystems, including; 


Developing agricultural use of biochar to sequester gigatons of carbon for millennia.
Incorporating biochar as sanitation, fertilizer substrate and carbon sequestration in lean regions.
Balancing carbon in the oceans by restoring natural processes at work for eons to reduce carbon in surface waters. 
Reversing coral bleaching on high-value coral reefs to preserve portions of these ecosystems during the high-temperature decades to come. 
Encouraging and facilitating the adoption of renewable energy for electricity and transportation in place of fossil fuels throughout the world, including:
displacing diesel power with renewable energy generation in remote locales
reducing noise issues associated with residential wind turbines
enabling energy storage technologies to store renewable energy for dispatch during peak hours.",2507,,,,Found
Planetary,planetary,https://www.linkedin.com/company/64557425,Environmental Services,0.13,Found,Planetary,planetary-tech,http://planetarytech.com,https://www.linkedin.com/company/planetary-tech,2019,Seawater restoration to rebalance the climate,Nov-50,32,,CA,Nova Scotia,Dartmouth,B2Y 4W6,24 Orion Crt,64557425,"oceantech, mining, climatechange",Environmental Services,,"Planetary is on a mission to fight climate change by helping the ocean remove carbon dioxide from the atmosphere.

We strive to enhance the planet‚Äôs largest natural carbon removal process: the geologic carbon cycle.

We work collaboratively with world-class scientific institutions, regulators, and local communities to develop safe and sustainable carbon removal methods.",5974,1,11350000 USD,10/24/2024,Found
Seachange,seachange indonesia,https://www.linkedin.com/company/seachangeindonesia,Printing Services,0.13,Found,Seachange Indonesia,seachangeindonesia,http://www.seachange-indonesia.com,https://www.linkedin.com/company/seachangeindonesia,2023,"Coral by coral, see the change. Reef ecosystem rehabilitation, research station, and outreach based in Gili Asahan.",10-Feb,1,,ID,Nusa Tenggara Barat,Kabupaten Lombok Barat,,Gili Asahan,101926382,,Environmental Services,,"SeaChange Indonesia is empowering individuals, initiatives, and communities in guarding Indonesia's coral reefs and marine life, with our main operation in Sekotong Bay. We have established constructive and fruitful relationships with our collaborative partners to achieve our goals quickly, sustainably, and with continuous impact.
",11,,,,Found
SeaCO2,,,,,Not found,,,,,,,,,,,,,,,,,,,,,,,,
